Experiment_ID,Parameter,Value,Metric,Time,Mean,Variance,CI_95_Lower,CI_95_Upper
EXP-01-DISTRIBUTED-STRESS,segmentStress_A,20,segmentStress_B,0,10,0,10.0,10.0
EXP-01-DISTRIBUTED-STRESS,segmentStress_A,20,segmentStress_B,10,14.0,0.0,14.0,14.0
EXP-01-DISTRIBUTED-STRESS,segmentStress_A,20,segmentStress_B,20,14.0,0.0,14.0,14.0
EXP-01-DISTRIBUTED-STRESS,segmentStress_A,20,segmentStress_B,30,14.0,0.0,14.0,14.0
EXP-01-DISTRIBUTED-STRESS,segmentStress_A,20,segmentStress_B,40,18.0,0.0,18.0,18.0
EXP-01-DISTRIBUTED-STRESS,segmentStress_A,20,segmentStress_B,50,18.0,0.0,18.0,18.0
EXP-01-DISTRIBUTED-STRESS,segmentStress_A,20,segmentStress_B,60,18.0,0.0,18.0,18.0
EXP-01-DISTRIBUTED-STRESS,segmentStress_A,20,segmentStress_B,70,22.0,0.0,22.0,22.0
EXP-01-DISTRIBUTED-STRESS,segmentStress_A,20,segmentStress_B,80,22.0,0.0,22.0,22.0
EXP-01-DISTRIBUTED-STRESS,segmentStress_A,20,segmentStress_B,90,22.0,0.0,22.0,22.0
EXP-01-DISTRIBUTED-STRESS,segmentStress_A,20,segmentStress_B,100,26.0,0.0,26.0,26.0
EXP-01-DISTRIBUTED-STRESS,segmentStress_A,20,segmentStress_B,110,26.0,0.0,26.0,26.0
EXP-01-DISTRIBUTED-STRESS,segmentStress_A,20,segmentStress_B,120,26.0,0.0,26.0,26.0
EXP-01-DISTRIBUTED-STRESS,segmentStress_A,20,segmentStress_B,130,30.0,0.0,30.0,30.0
EXP-01-DISTRIBUTED-STRESS,segmentStress_A,20,segmentStress_B,140,30.0,0.0,30.0,30.0
EXP-01-DISTRIBUTED-STRESS,segmentStress_A,20,segmentStress_B,150,30.0,0.0,30.0,30.0
EXP-01-DISTRIBUTED-STRESS,segmentStress_A,20,segmentStress_B,160,34.0,0.0,34.0,34.0
EXP-01-DISTRIBUTED-STRESS,segmentStress_A,20,segmentStress_B,170,34.0,0.0,34.0,34.0
EXP-01-DISTRIBUTED-STRESS,segmentStress_A,20,segmentStress_B,180,34.0,0.0,34.0,34.0
EXP-01-DISTRIBUTED-STRESS,segmentStress_A,20,segmentStress_B,190,38.0,0.0,38.0,38.0
EXP-01-DISTRIBUTED-STRESS,segmentStress_A,20,segmentStress_B,200,38.0,0.0,38.0,38.0
EXP-01-DISTRIBUTED-STRESS,segmentStress_A,20,segmentStress_B,210,38.0,0.0,38.0,38.0
EXP-01-DISTRIBUTED-STRESS,segmentStress_A,20,segmentStress_B,220,42.0,0.0,42.0,42.0
EXP-01-DISTRIBUTED-STRESS,segmentStress_A,20,segmentStress_B,230,42.0,0.0,42.0,42.0
EXP-01-DISTRIBUTED-STRESS,segmentStress_A,20,segmentStress_B,240,42.0,0.0,42.0,42.0
EXP-01-DISTRIBUTED-STRESS,segmentStress_A,20,segmentStress_B,250,46.0,0.0,46.0,46.0
EXP-01-DISTRIBUTED-STRESS,segmentStress_A,20,segmentStress_B,260,46.0,0.0,46.0,46.0
EXP-01-DISTRIBUTED-STRESS,segmentStress_A,20,segmentStress_B,270,46.0,0.0,46.0,46.0
EXP-01-DISTRIBUTED-STRESS,segmentStress_A,20,segmentStress_B,280,50.0,0.0,50.0,50.0
EXP-01-DISTRIBUTED-STRESS,segmentStress_A,20,segmentStress_B,290,50.0,0.0,50.0,50.0
EXP-01-DISTRIBUTED-STRESS,segmentStress_A,20,segmentStress_B,300,50.0,0.0,50.0,50.0
EXP-01-DISTRIBUTED-STRESS,segmentStress_A,20,segmentStress_B,310,54.0,0.0,54.0,54.0
EXP-01-DISTRIBUTED-STRESS,segmentStress_A,20,segmentStress_B,320,54.0,0.0,54.0,54.0
EXP-01-DISTRIBUTED-STRESS,segmentStress_A,20,segmentStress_B,330,54.0,0.0,54.0,54.0
EXP-01-DISTRIBUTED-STRESS,segmentStress_A,20,segmentStress_B,340,58.0,0.0,58.0,58.0
EXP-01-DISTRIBUTED-STRESS,segmentStress_A,20,segmentStress_B,350,58.0,0.0,58.0,58.0
EXP-01-DISTRIBUTED-STRESS,segmentStress_A,20,segmentStress_B,360,58.0,0.0,58.0,58.0
EXP-01-DISTRIBUTED-STRESS,segmentStress_A,20,segmentStress_B,370,62.0,0.0,62.0,62.0
EXP-01-DISTRIBUTED-STRESS,segmentStress_A,20,segmentStress_B,380,62.0,0.0,62.0,62.0
EXP-01-DISTRIBUTED-STRESS,segmentStress_A,20,segmentStress_B,390,62.0,0.0,62.0,62.0
EXP-01-DISTRIBUTED-STRESS,segmentStress_A,20,segmentStress_B,400,66.0,0.0,66.0,66.0
EXP-01-DISTRIBUTED-STRESS,segmentStress_A,20,segmentStress_B,410,66.0,0.0,66.0,66.0
EXP-01-DISTRIBUTED-STRESS,segmentStress_A,20,segmentStress_B,420,66.0,0.0,66.0,66.0
EXP-01-DISTRIBUTED-STRESS,segmentStress_A,20,segmentStress_B,430,70.0,0.0,70.0,70.0
EXP-01-DISTRIBUTED-STRESS,segmentStress_A,20,segmentStress_B,440,70.0,0.0,70.0,70.0
EXP-01-DISTRIBUTED-STRESS,segmentStress_A,20,segmentStress_B,450,70.0,0.0,70.0,70.0
EXP-01-DISTRIBUTED-STRESS,segmentStress_A,20,segmentStress_B,460,74.0,0.0,74.0,74.0
EXP-01-DISTRIBUTED-STRESS,segmentStress_A,20,segmentStress_B,470,74.0,0.0,74.0,74.0
EXP-01-DISTRIBUTED-STRESS,segmentStress_A,20,segmentStress_B,480,74.0,0.0,74.0,74.0
EXP-01-DISTRIBUTED-STRESS,segmentStress_A,20,segmentStress_B,490,78.0,0.0,78.0,78.0
EXP-01-DISTRIBUTED-STRESS,segmentStress_A,20,segmentStress_B,500,78.0,0.0,78.0,78.0
EXP-01-DISTRIBUTED-STRESS,segmentStress_A,20,localizedTelemetryTrust_A,0,10,0,10.0,10.0
EXP-01-DISTRIBUTED-STRESS,segmentStress_A,20,localizedTelemetryTrust_A,10,14.0,0.0,14.0,14.0
EXP-01-DISTRIBUTED-STRESS,segmentStress_A,20,localizedTelemetryTrust_A,20,14.0,0.0,14.0,14.0
EXP-01-DISTRIBUTED-STRESS,segmentStress_A,20,localizedTelemetryTrust_A,30,14.0,0.0,14.0,14.0
EXP-01-DISTRIBUTED-STRESS,segmentStress_A,20,localizedTelemetryTrust_A,40,18.0,0.0,18.0,18.0
EXP-01-DISTRIBUTED-STRESS,segmentStress_A,20,localizedTelemetryTrust_A,50,18.0,0.0,18.0,18.0
EXP-01-DISTRIBUTED-STRESS,segmentStress_A,20,localizedTelemetryTrust_A,60,18.0,0.0,18.0,18.0
EXP-01-DISTRIBUTED-STRESS,segmentStress_A,20,localizedTelemetryTrust_A,70,22.0,0.0,22.0,22.0
EXP-01-DISTRIBUTED-STRESS,segmentStress_A,20,localizedTelemetryTrust_A,80,22.0,0.0,22.0,22.0
EXP-01-DISTRIBUTED-STRESS,segmentStress_A,20,localizedTelemetryTrust_A,90,22.0,0.0,22.0,22.0
EXP-01-DISTRIBUTED-STRESS,segmentStress_A,20,localizedTelemetryTrust_A,100,26.0,0.0,26.0,26.0
EXP-01-DISTRIBUTED-STRESS,segmentStress_A,20,localizedTelemetryTrust_A,110,26.0,0.0,26.0,26.0
EXP-01-DISTRIBUTED-STRESS,segmentStress_A,20,localizedTelemetryTrust_A,120,26.0,0.0,26.0,26.0
EXP-01-DISTRIBUTED-STRESS,segmentStress_A,20,localizedTelemetryTrust_A,130,30.0,0.0,30.0,30.0
EXP-01-DISTRIBUTED-STRESS,segmentStress_A,20,localizedTelemetryTrust_A,140,30.0,0.0,30.0,30.0
EXP-01-DISTRIBUTED-STRESS,segmentStress_A,20,localizedTelemetryTrust_A,150,30.0,0.0,30.0,30.0
EXP-01-DISTRIBUTED-STRESS,segmentStress_A,20,localizedTelemetryTrust_A,160,34.0,0.0,34.0,34.0
EXP-01-DISTRIBUTED-STRESS,segmentStress_A,20,localizedTelemetryTrust_A,170,34.0,0.0,34.0,34.0
EXP-01-DISTRIBUTED-STRESS,segmentStress_A,20,localizedTelemetryTrust_A,180,34.0,0.0,34.0,34.0
EXP-01-DISTRIBUTED-STRESS,segmentStress_A,20,localizedTelemetryTrust_A,190,38.0,0.0,38.0,38.0
EXP-01-DISTRIBUTED-STRESS,segmentStress_A,20,localizedTelemetryTrust_A,200,38.0,0.0,38.0,38.0
EXP-01-DISTRIBUTED-STRESS,segmentStress_A,20,localizedTelemetryTrust_A,210,38.0,0.0,38.0,38.0
EXP-01-DISTRIBUTED-STRESS,segmentStress_A,20,localizedTelemetryTrust_A,220,42.0,0.0,42.0,42.0
EXP-01-DISTRIBUTED-STRESS,segmentStress_A,20,localizedTelemetryTrust_A,230,42.0,0.0,42.0,42.0
EXP-01-DISTRIBUTED-STRESS,segmentStress_A,20,localizedTelemetryTrust_A,240,42.0,0.0,42.0,42.0
EXP-01-DISTRIBUTED-STRESS,segmentStress_A,20,localizedTelemetryTrust_A,250,46.0,0.0,46.0,46.0
EXP-01-DISTRIBUTED-STRESS,segmentStress_A,20,localizedTelemetryTrust_A,260,46.0,0.0,46.0,46.0
EXP-01-DISTRIBUTED-STRESS,segmentStress_A,20,localizedTelemetryTrust_A,270,46.0,0.0,46.0,46.0
EXP-01-DISTRIBUTED-STRESS,segmentStress_A,20,localizedTelemetryTrust_A,280,50.0,0.0,50.0,50.0
EXP-01-DISTRIBUTED-STRESS,segmentStress_A,20,localizedTelemetryTrust_A,290,50.0,0.0,50.0,50.0
EXP-01-DISTRIBUTED-STRESS,segmentStress_A,20,localizedTelemetryTrust_A,300,50.0,0.0,50.0,50.0
EXP-01-DISTRIBUTED-STRESS,segmentStress_A,20,localizedTelemetryTrust_A,310,54.0,0.0,54.0,54.0
EXP-01-DISTRIBUTED-STRESS,segmentStress_A,20,localizedTelemetryTrust_A,320,54.0,0.0,54.0,54.0
EXP-01-DISTRIBUTED-STRESS,segmentStress_A,20,localizedTelemetryTrust_A,330,54.0,0.0,54.0,54.0
EXP-01-DISTRIBUTED-STRESS,segmentStress_A,20,localizedTelemetryTrust_A,340,58.0,0.0,58.0,58.0
EXP-01-DISTRIBUTED-STRESS,segmentStress_A,20,localizedTelemetryTrust_A,350,58.0,0.0,58.0,58.0
EXP-01-DISTRIBUTED-STRESS,segmentStress_A,20,localizedTelemetryTrust_A,360,58.0,0.0,58.0,58.0
EXP-01-DISTRIBUTED-STRESS,segmentStress_A,20,localizedTelemetryTrust_A,370,62.0,0.0,62.0,62.0
EXP-01-DISTRIBUTED-STRESS,segmentStress_A,20,localizedTelemetryTrust_A,380,62.0,0.0,62.0,62.0
EXP-01-DISTRIBUTED-STRESS,segmentStress_A,20,localizedTelemetryTrust_A,390,62.0,0.0,62.0,62.0
EXP-01-DISTRIBUTED-STRESS,segmentStress_A,20,localizedTelemetryTrust_A,400,66.0,0.0,66.0,66.0
EXP-01-DISTRIBUTED-STRESS,segmentStress_A,20,localizedTelemetryTrust_A,410,66.0,0.0,66.0,66.0
EXP-01-DISTRIBUTED-STRESS,segmentStress_A,20,localizedTelemetryTrust_A,420,66.0,0.0,66.0,66.0
EXP-01-DISTRIBUTED-STRESS,segmentStress_A,20,localizedTelemetryTrust_A,430,70.0,0.0,70.0,70.0
EXP-01-DISTRIBUTED-STRESS,segmentStress_A,20,localizedTelemetryTrust_A,440,70.0,0.0,70.0,70.0
EXP-01-DISTRIBUTED-STRESS,segmentStress_A,20,localizedTelemetryTrust_A,450,70.0,0.0,70.0,70.0
EXP-01-DISTRIBUTED-STRESS,segmentStress_A,20,localizedTelemetryTrust_A,460,74.0,0.0,74.0,74.0
EXP-01-DISTRIBUTED-STRESS,segmentStress_A,20,localizedTelemetryTrust_A,470,74.0,0.0,74.0,74.0
EXP-01-DISTRIBUTED-STRESS,segmentStress_A,20,localizedTelemetryTrust_A,480,74.0,0.0,74.0,74.0
EXP-01-DISTRIBUTED-STRESS,segmentStress_A,20,localizedTelemetryTrust_A,490,78.0,0.0,78.0,78.0
EXP-01-DISTRIBUTED-STRESS,segmentStress_A,20,localizedTelemetryTrust_A,500,78.0,0.0,78.0,78.0
EXP-01-DISTRIBUTED-STRESS,segmentStress_A,20,compressorHealth_A,0,10,0,10.0,10.0
EXP-01-DISTRIBUTED-STRESS,segmentStress_A,20,compressorHealth_A,10,14.0,0.0,14.0,14.0
EXP-01-DISTRIBUTED-STRESS,segmentStress_A,20,compressorHealth_A,20,14.0,0.0,14.0,14.0
EXP-01-DISTRIBUTED-STRESS,segmentStress_A,20,compressorHealth_A,30,14.0,0.0,14.0,14.0
EXP-01-DISTRIBUTED-STRESS,segmentStress_A,20,compressorHealth_A,40,18.0,0.0,18.0,18.0
EXP-01-DISTRIBUTED-STRESS,segmentStress_A,20,compressorHealth_A,50,18.0,0.0,18.0,18.0
EXP-01-DISTRIBUTED-STRESS,segmentStress_A,20,compressorHealth_A,60,18.0,0.0,18.0,18.0
EXP-01-DISTRIBUTED-STRESS,segmentStress_A,20,compressorHealth_A,70,22.0,0.0,22.0,22.0
EXP-01-DISTRIBUTED-STRESS,segmentStress_A,20,compressorHealth_A,80,22.0,0.0,22.0,22.0
EXP-01-DISTRIBUTED-STRESS,segmentStress_A,20,compressorHealth_A,90,22.0,0.0,22.0,22.0
EXP-01-DISTRIBUTED-STRESS,segmentStress_A,20,compressorHealth_A,100,26.0,0.0,26.0,26.0
EXP-01-DISTRIBUTED-STRESS,segmentStress_A,20,compressorHealth_A,110,26.0,0.0,26.0,26.0
EXP-01-DISTRIBUTED-STRESS,segmentStress_A,20,compressorHealth_A,120,26.0,0.0,26.0,26.0
EXP-01-DISTRIBUTED-STRESS,segmentStress_A,20,compressorHealth_A,130,30.0,0.0,30.0,30.0
EXP-01-DISTRIBUTED-STRESS,segmentStress_A,20,compressorHealth_A,140,30.0,0.0,30.0,30.0
EXP-01-DISTRIBUTED-STRESS,segmentStress_A,20,compressorHealth_A,150,30.0,0.0,30.0,30.0
EXP-01-DISTRIBUTED-STRESS,segmentStress_A,20,compressorHealth_A,160,34.0,0.0,34.0,34.0
EXP-01-DISTRIBUTED-STRESS,segmentStress_A,20,compressorHealth_A,170,34.0,0.0,34.0,34.0
EXP-01-DISTRIBUTED-STRESS,segmentStress_A,20,compressorHealth_A,180,34.0,0.0,34.0,34.0
EXP-01-DISTRIBUTED-STRESS,segmentStress_A,20,compressorHealth_A,190,38.0,0.0,38.0,38.0
EXP-01-DISTRIBUTED-STRESS,segmentStress_A,20,compressorHealth_A,200,38.0,0.0,38.0,38.0
EXP-01-DISTRIBUTED-STRESS,segmentStress_A,20,compressorHealth_A,210,38.0,0.0,38.0,38.0
EXP-01-DISTRIBUTED-STRESS,segmentStress_A,20,compressorHealth_A,220,42.0,0.0,42.0,42.0
EXP-01-DISTRIBUTED-STRESS,segmentStress_A,20,compressorHealth_A,230,42.0,0.0,42.0,42.0
EXP-01-DISTRIBUTED-STRESS,segmentStress_A,20,compressorHealth_A,240,42.0,0.0,42.0,42.0
EXP-01-DISTRIBUTED-STRESS,segmentStress_A,20,compressorHealth_A,250,46.0,0.0,46.0,46.0
EXP-01-DISTRIBUTED-STRESS,segmentStress_A,20,compressorHealth_A,260,46.0,0.0,46.0,46.0
EXP-01-DISTRIBUTED-STRESS,segmentStress_A,20,compressorHealth_A,270,46.0,0.0,46.0,46.0
EXP-01-DISTRIBUTED-STRESS,segmentStress_A,20,compressorHealth_A,280,50.0,0.0,50.0,50.0
EXP-01-DISTRIBUTED-STRESS,segmentStress_A,20,compressorHealth_A,290,50.0,0.0,50.0,50.0
EXP-01-DISTRIBUTED-STRESS,segmentStress_A,20,compressorHealth_A,300,50.0,0.0,50.0,50.0
EXP-01-DISTRIBUTED-STRESS,segmentStress_A,20,compressorHealth_A,310,54.0,0.0,54.0,54.0
EXP-01-DISTRIBUTED-STRESS,segmentStress_A,20,compressorHealth_A,320,54.0,0.0,54.0,54.0
EXP-01-DISTRIBUTED-STRESS,segmentStress_A,20,compressorHealth_A,330,54.0,0.0,54.0,54.0
EXP-01-DISTRIBUTED-STRESS,segmentStress_A,20,compressorHealth_A,340,58.0,0.0,58.0,58.0
EXP-01-DISTRIBUTED-STRESS,segmentStress_A,20,compressorHealth_A,350,58.0,0.0,58.0,58.0
EXP-01-DISTRIBUTED-STRESS,segmentStress_A,20,compressorHealth_A,360,58.0,0.0,58.0,58.0
EXP-01-DISTRIBUTED-STRESS,segmentStress_A,20,compressorHealth_A,370,62.0,0.0,62.0,62.0
EXP-01-DISTRIBUTED-STRESS,segmentStress_A,20,compressorHealth_A,380,62.0,0.0,62.0,62.0
EXP-01-DISTRIBUTED-STRESS,segmentStress_A,20,compressorHealth_A,390,62.0,0.0,62.0,62.0
EXP-01-DISTRIBUTED-STRESS,segmentStress_A,20,compressorHealth_A,400,66.0,0.0,66.0,66.0
EXP-01-DISTRIBUTED-STRESS,segmentStress_A,20,compressorHealth_A,410,66.0,0.0,66.0,66.0
EXP-01-DISTRIBUTED-STRESS,segmentStress_A,20,compressorHealth_A,420,66.0,0.0,66.0,66.0
EXP-01-DISTRIBUTED-STRESS,segmentStress_A,20,compressorHealth_A,430,70.0,0.0,70.0,70.0
EXP-01-DISTRIBUTED-STRESS,segmentStress_A,20,compressorHealth_A,440,70.0,0.0,70.0,70.0
EXP-01-DISTRIBUTED-STRESS,segmentStress_A,20,compressorHealth_A,450,70.0,0.0,70.0,70.0
EXP-01-DISTRIBUTED-STRESS,segmentStress_A,20,compressorHealth_A,460,74.0,0.0,74.0,74.0
EXP-01-DISTRIBUTED-STRESS,segmentStress_A,20,compressorHealth_A,470,74.0,0.0,74.0,74.0
EXP-01-DISTRIBUTED-STRESS,segmentStress_A,20,compressorHealth_A,480,74.0,0.0,74.0,74.0
EXP-01-DISTRIBUTED-STRESS,segmentStress_A,20,compressorHealth_A,490,78.0,0.0,78.0,78.0
EXP-01-DISTRIBUTED-STRESS,segmentStress_A,20,compressorHealth_A,500,78.0,0.0,78.0,78.0
EXP-01-DISTRIBUTED-STRESS,segmentStress_A,50,segmentStress_B,0,10,0,10.0,10.0
EXP-01-DISTRIBUTED-STRESS,segmentStress_A,50,segmentStress_B,10,15.5,0.0,15.5,15.5
EXP-01-DISTRIBUTED-STRESS,segmentStress_A,50,segmentStress_B,20,16.0,0.0,16.0,16.0
EXP-01-DISTRIBUTED-STRESS,segmentStress_A,50,segmentStress_B,30,16.0,0.0,16.0,16.0
EXP-01-DISTRIBUTED-STRESS,segmentStress_A,50,segmentStress_B,40,21.5,0.0,21.5,21.5
EXP-01-DISTRIBUTED-STRESS,segmentStress_A,50,segmentStress_B,50,22.0,0.0,22.0,22.0
EXP-01-DISTRIBUTED-STRESS,segmentStress_A,50,segmentStress_B,60,22.0,0.0,22.0,22.0
EXP-01-DISTRIBUTED-STRESS,segmentStress_A,50,segmentStress_B,70,27.5,0.0,27.5,27.5
EXP-01-DISTRIBUTED-STRESS,segmentStress_A,50,segmentStress_B,80,28.0,0.0,28.0,28.0
EXP-01-DISTRIBUTED-STRESS,segmentStress_A,50,segmentStress_B,90,28.0,0.0,28.0,28.0
EXP-01-DISTRIBUTED-STRESS,segmentStress_A,50,segmentStress_B,100,33.5,0.0,33.5,33.5
EXP-01-DISTRIBUTED-STRESS,segmentStress_A,50,segmentStress_B,110,34.0,0.0,34.0,34.0
EXP-01-DISTRIBUTED-STRESS,segmentStress_A,50,segmentStress_B,120,34.0,0.0,34.0,34.0
EXP-01-DISTRIBUTED-STRESS,segmentStress_A,50,segmentStress_B,130,39.5,0.0,39.5,39.5
EXP-01-DISTRIBUTED-STRESS,segmentStress_A,50,segmentStress_B,140,40.0,0.0,40.0,40.0
EXP-01-DISTRIBUTED-STRESS,segmentStress_A,50,segmentStress_B,150,40.0,0.0,40.0,40.0
EXP-01-DISTRIBUTED-STRESS,segmentStress_A,50,segmentStress_B,160,45.5,0.0,45.5,45.5
EXP-01-DISTRIBUTED-STRESS,segmentStress_A,50,segmentStress_B,170,46.0,0.0,46.0,46.0
EXP-01-DISTRIBUTED-STRESS,segmentStress_A,50,segmentStress_B,180,46.0,0.0,46.0,46.0
EXP-01-DISTRIBUTED-STRESS,segmentStress_A,50,segmentStress_B,190,51.5,0.0,51.5,51.5
EXP-01-DISTRIBUTED-STRESS,segmentStress_A,50,segmentStress_B,200,52.0,0.0,52.0,52.0
EXP-01-DISTRIBUTED-STRESS,segmentStress_A,50,segmentStress_B,210,52.0,0.0,52.0,52.0
EXP-01-DISTRIBUTED-STRESS,segmentStress_A,50,segmentStress_B,220,57.5,0.0,57.5,57.5
EXP-01-DISTRIBUTED-STRESS,segmentStress_A,50,segmentStress_B,230,58.0,0.0,58.0,58.0
EXP-01-DISTRIBUTED-STRESS,segmentStress_A,50,segmentStress_B,240,58.0,0.0,58.0,58.0
EXP-01-DISTRIBUTED-STRESS,segmentStress_A,50,segmentStress_B,250,63.5,0.0,63.5,63.5
EXP-01-DISTRIBUTED-STRESS,segmentStress_A,50,segmentStress_B,260,64.0,0.0,64.0,64.0
EXP-01-DISTRIBUTED-STRESS,segmentStress_A,50,segmentStress_B,270,64.0,0.0,64.0,64.0
EXP-01-DISTRIBUTED-STRESS,segmentStress_A,50,segmentStress_B,280,69.5,0.0,69.5,69.5
EXP-01-DISTRIBUTED-STRESS,segmentStress_A,50,segmentStress_B,290,70.0,0.0,70.0,70.0
EXP-01-DISTRIBUTED-STRESS,segmentStress_A,50,segmentStress_B,300,70.0,0.0,70.0,70.0
EXP-01-DISTRIBUTED-STRESS,segmentStress_A,50,segmentStress_B,310,75.5,0.0,75.5,75.5
EXP-01-DISTRIBUTED-STRESS,segmentStress_A,50,segmentStress_B,320,76.0,0.0,76.0,76.0
EXP-01-DISTRIBUTED-STRESS,segmentStress_A,50,segmentStress_B,330,76.0,0.0,76.0,76.0
EXP-01-DISTRIBUTED-STRESS,segmentStress_A,50,segmentStress_B,340,81.5,0.0,81.5,81.5
EXP-01-DISTRIBUTED-STRESS,segmentStress_A,50,segmentStress_B,350,82.0,0.0,82.0,82.0
EXP-01-DISTRIBUTED-STRESS,segmentStress_A,50,segmentStress_B,360,82.0,0.0,82.0,82.0
EXP-01-DISTRIBUTED-STRESS,segmentStress_A,50,segmentStress_B,370,87.5,0.0,87.5,87.5
EXP-01-DISTRIBUTED-STRESS,segmentStress_A,50,segmentStress_B,380,88.0,0.0,88.0,88.0
EXP-01-DISTRIBUTED-STRESS,segmentStress_A,50,segmentStress_B,390,88.0,0.0,88.0,88.0
EXP-01-DISTRIBUTED-STRESS,segmentStress_A,50,segmentStress_B,400,93.5,0.0,93.5,93.5
EXP-01-DISTRIBUTED-STRESS,segmentStress_A,50,segmentStress_B,410,94.0,0.0,94.0,94.0
EXP-01-DISTRIBUTED-STRESS,segmentStress_A,50,segmentStress_B,420,94.0,0.0,94.0,94.0
EXP-01-DISTRIBUTED-STRESS,segmentStress_A,50,segmentStress_B,430,99.5,0.0,99.5,99.5
EXP-01-DISTRIBUTED-STRESS,segmentStress_A,50,segmentStress_B,440,100,0,100.0,100
EXP-01-DISTRIBUTED-STRESS,segmentStress_A,50,segmentStress_B,450,100,0,100.0,100
EXP-01-DISTRIBUTED-STRESS,segmentStress_A,50,segmentStress_B,460,100,0,100.0,100
EXP-01-DISTRIBUTED-STRESS,segmentStress_A,50,segmentStress_B,470,100,0,100.0,100
EXP-01-DISTRIBUTED-STRESS,segmentStress_A,50,segmentStress_B,480,100,0,100.0,100
EXP-01-DISTRIBUTED-STRESS,segmentStress_A,50,segmentStress_B,490,100,0,100.0,100
EXP-01-DISTRIBUTED-STRESS,segmentStress_A,50,segmentStress_B,500,100,0,100.0,100
EXP-01-DISTRIBUTED-STRESS,segmentStress_A,50,localizedTelemetryTrust_A,0,10,0,10.0,10.0
EXP-01-DISTRIBUTED-STRESS,segmentStress_A,50,localizedTelemetryTrust_A,10,15.5,0.0,15.5,15.5
EXP-01-DISTRIBUTED-STRESS,segmentStress_A,50,localizedTelemetryTrust_A,20,16.0,0.0,16.0,16.0
EXP-01-DISTRIBUTED-STRESS,segmentStress_A,50,localizedTelemetryTrust_A,30,16.0,0.0,16.0,16.0
EXP-01-DISTRIBUTED-STRESS,segmentStress_A,50,localizedTelemetryTrust_A,40,21.5,0.0,21.5,21.5
EXP-01-DISTRIBUTED-STRESS,segmentStress_A,50,localizedTelemetryTrust_A,50,22.0,0.0,22.0,22.0
EXP-01-DISTRIBUTED-STRESS,segmentStress_A,50,localizedTelemetryTrust_A,60,22.0,0.0,22.0,22.0
EXP-01-DISTRIBUTED-STRESS,segmentStress_A,50,localizedTelemetryTrust_A,70,27.5,0.0,27.5,27.5
EXP-01-DISTRIBUTED-STRESS,segmentStress_A,50,localizedTelemetryTrust_A,80,28.0,0.0,28.0,28.0
EXP-01-DISTRIBUTED-STRESS,segmentStress_A,50,localizedTelemetryTrust_A,90,28.0,0.0,28.0,28.0
EXP-01-DISTRIBUTED-STRESS,segmentStress_A,50,localizedTelemetryTrust_A,100,33.5,0.0,33.5,33.5
EXP-01-DISTRIBUTED-STRESS,segmentStress_A,50,localizedTelemetryTrust_A,110,34.0,0.0,34.0,34.0
EXP-01-DISTRIBUTED-STRESS,segmentStress_A,50,localizedTelemetryTrust_A,120,34.0,0.0,34.0,34.0
EXP-01-DISTRIBUTED-STRESS,segmentStress_A,50,localizedTelemetryTrust_A,130,39.5,0.0,39.5,39.5
EXP-01-DISTRIBUTED-STRESS,segmentStress_A,50,localizedTelemetryTrust_A,140,40.0,0.0,40.0,40.0
EXP-01-DISTRIBUTED-STRESS,segmentStress_A,50,localizedTelemetryTrust_A,150,40.0,0.0,40.0,40.0
EXP-01-DISTRIBUTED-STRESS,segmentStress_A,50,localizedTelemetryTrust_A,160,45.5,0.0,45.5,45.5
EXP-01-DISTRIBUTED-STRESS,segmentStress_A,50,localizedTelemetryTrust_A,170,46.0,0.0,46.0,46.0
EXP-01-DISTRIBUTED-STRESS,segmentStress_A,50,localizedTelemetryTrust_A,180,46.0,0.0,46.0,46.0
EXP-01-DISTRIBUTED-STRESS,segmentStress_A,50,localizedTelemetryTrust_A,190,51.5,0.0,51.5,51.5
EXP-01-DISTRIBUTED-STRESS,segmentStress_A,50,localizedTelemetryTrust_A,200,52.0,0.0,52.0,52.0
EXP-01-DISTRIBUTED-STRESS,segmentStress_A,50,localizedTelemetryTrust_A,210,52.0,0.0,52.0,52.0
EXP-01-DISTRIBUTED-STRESS,segmentStress_A,50,localizedTelemetryTrust_A,220,57.5,0.0,57.5,57.5
EXP-01-DISTRIBUTED-STRESS,segmentStress_A,50,localizedTelemetryTrust_A,230,58.0,0.0,58.0,58.0
EXP-01-DISTRIBUTED-STRESS,segmentStress_A,50,localizedTelemetryTrust_A,240,58.0,0.0,58.0,58.0
EXP-01-DISTRIBUTED-STRESS,segmentStress_A,50,localizedTelemetryTrust_A,250,63.5,0.0,63.5,63.5
EXP-01-DISTRIBUTED-STRESS,segmentStress_A,50,localizedTelemetryTrust_A,260,64.0,0.0,64.0,64.0
EXP-01-DISTRIBUTED-STRESS,segmentStress_A,50,localizedTelemetryTrust_A,270,64.0,0.0,64.0,64.0
EXP-01-DISTRIBUTED-STRESS,segmentStress_A,50,localizedTelemetryTrust_A,280,69.5,0.0,69.5,69.5
EXP-01-DISTRIBUTED-STRESS,segmentStress_A,50,localizedTelemetryTrust_A,290,70.0,0.0,70.0,70.0
EXP-01-DISTRIBUTED-STRESS,segmentStress_A,50,localizedTelemetryTrust_A,300,70.0,0.0,70.0,70.0
EXP-01-DISTRIBUTED-STRESS,segmentStress_A,50,localizedTelemetryTrust_A,310,75.5,0.0,75.5,75.5
EXP-01-DISTRIBUTED-STRESS,segmentStress_A,50,localizedTelemetryTrust_A,320,76.0,0.0,76.0,76.0
EXP-01-DISTRIBUTED-STRESS,segmentStress_A,50,localizedTelemetryTrust_A,330,76.0,0.0,76.0,76.0
EXP-01-DISTRIBUTED-STRESS,segmentStress_A,50,localizedTelemetryTrust_A,340,81.5,0.0,81.5,81.5
EXP-01-DISTRIBUTED-STRESS,segmentStress_A,50,localizedTelemetryTrust_A,350,82.0,0.0,82.0,82.0
EXP-01-DISTRIBUTED-STRESS,segmentStress_A,50,localizedTelemetryTrust_A,360,82.0,0.0,82.0,82.0
EXP-01-DISTRIBUTED-STRESS,segmentStress_A,50,localizedTelemetryTrust_A,370,87.5,0.0,87.5,87.5
EXP-01-DISTRIBUTED-STRESS,segmentStress_A,50,localizedTelemetryTrust_A,380,88.0,0.0,88.0,88.0
EXP-01-DISTRIBUTED-STRESS,segmentStress_A,50,localizedTelemetryTrust_A,390,88.0,0.0,88.0,88.0
EXP-01-DISTRIBUTED-STRESS,segmentStress_A,50,localizedTelemetryTrust_A,400,93.5,0.0,93.5,93.5
EXP-01-DISTRIBUTED-STRESS,segmentStress_A,50,localizedTelemetryTrust_A,410,94.0,0.0,94.0,94.0
EXP-01-DISTRIBUTED-STRESS,segmentStress_A,50,localizedTelemetryTrust_A,420,94.0,0.0,94.0,94.0
EXP-01-DISTRIBUTED-STRESS,segmentStress_A,50,localizedTelemetryTrust_A,430,99.5,0.0,99.5,99.5
EXP-01-DISTRIBUTED-STRESS,segmentStress_A,50,localizedTelemetryTrust_A,440,100,0,100.0,100
EXP-01-DISTRIBUTED-STRESS,segmentStress_A,50,localizedTelemetryTrust_A,450,100,0,100.0,100
EXP-01-DISTRIBUTED-STRESS,segmentStress_A,50,localizedTelemetryTrust_A,460,100,0,100.0,100
EXP-01-DISTRIBUTED-STRESS,segmentStress_A,50,localizedTelemetryTrust_A,470,100,0,100.0,100
EXP-01-DISTRIBUTED-STRESS,segmentStress_A,50,localizedTelemetryTrust_A,480,100,0,100.0,100
EXP-01-DISTRIBUTED-STRESS,segmentStress_A,50,localizedTelemetryTrust_A,490,100,0,100.0,100
EXP-01-DISTRIBUTED-STRESS,segmentStress_A,50,localizedTelemetryTrust_A,500,100,0,100.0,100
EXP-01-DISTRIBUTED-STRESS,segmentStress_A,50,compressorHealth_A,0,10,0,10.0,10.0
EXP-01-DISTRIBUTED-STRESS,segmentStress_A,50,compressorHealth_A,10,15.5,0.0,15.5,15.5
EXP-01-DISTRIBUTED-STRESS,segmentStress_A,50,compressorHealth_A,20,16.0,0.0,16.0,16.0
EXP-01-DISTRIBUTED-STRESS,segmentStress_A,50,compressorHealth_A,30,16.0,0.0,16.0,16.0
EXP-01-DISTRIBUTED-STRESS,segmentStress_A,50,compressorHealth_A,40,21.5,0.0,21.5,21.5
EXP-01-DISTRIBUTED-STRESS,segmentStress_A,50,compressorHealth_A,50,22.0,0.0,22.0,22.0
EXP-01-DISTRIBUTED-STRESS,segmentStress_A,50,compressorHealth_A,60,22.0,0.0,22.0,22.0
EXP-01-DISTRIBUTED-STRESS,segmentStress_A,50,compressorHealth_A,70,27.5,0.0,27.5,27.5
EXP-01-DISTRIBUTED-STRESS,segmentStress_A,50,compressorHealth_A,80,28.0,0.0,28.0,28.0
EXP-01-DISTRIBUTED-STRESS,segmentStress_A,50,compressorHealth_A,90,28.0,0.0,28.0,28.0
EXP-01-DISTRIBUTED-STRESS,segmentStress_A,50,compressorHealth_A,100,33.5,0.0,33.5,33.5
EXP-01-DISTRIBUTED-STRESS,segmentStress_A,50,compressorHealth_A,110,34.0,0.0,34.0,34.0
EXP-01-DISTRIBUTED-STRESS,segmentStress_A,50,compressorHealth_A,120,34.0,0.0,34.0,34.0
EXP-01-DISTRIBUTED-STRESS,segmentStress_A,50,compressorHealth_A,130,39.5,0.0,39.5,39.5
EXP-01-DISTRIBUTED-STRESS,segmentStress_A,50,compressorHealth_A,140,40.0,0.0,40.0,40.0
EXP-01-DISTRIBUTED-STRESS,segmentStress_A,50,compressorHealth_A,150,40.0,0.0,40.0,40.0
EXP-01-DISTRIBUTED-STRESS,segmentStress_A,50,compressorHealth_A,160,45.5,0.0,45.5,45.5
EXP-01-DISTRIBUTED-STRESS,segmentStress_A,50,compressorHealth_A,170,46.0,0.0,46.0,46.0
EXP-01-DISTRIBUTED-STRESS,segmentStress_A,50,compressorHealth_A,180,46.0,0.0,46.0,46.0
EXP-01-DISTRIBUTED-STRESS,segmentStress_A,50,compressorHealth_A,190,51.5,0.0,51.5,51.5
EXP-01-DISTRIBUTED-STRESS,segmentStress_A,50,compressorHealth_A,200,52.0,0.0,52.0,52.0
EXP-01-DISTRIBUTED-STRESS,segmentStress_A,50,compressorHealth_A,210,52.0,0.0,52.0,52.0
EXP-01-DISTRIBUTED-STRESS,segmentStress_A,50,compressorHealth_A,220,57.5,0.0,57.5,57.5
EXP-01-DISTRIBUTED-STRESS,segmentStress_A,50,compressorHealth_A,230,58.0,0.0,58.0,58.0
EXP-01-DISTRIBUTED-STRESS,segmentStress_A,50,compressorHealth_A,240,58.0,0.0,58.0,58.0
EXP-01-DISTRIBUTED-STRESS,segmentStress_A,50,compressorHealth_A,250,63.5,0.0,63.5,63.5
EXP-01-DISTRIBUTED-STRESS,segmentStress_A,50,compressorHealth_A,260,64.0,0.0,64.0,64.0
EXP-01-DISTRIBUTED-STRESS,segmentStress_A,50,compressorHealth_A,270,64.0,0.0,64.0,64.0
EXP-01-DISTRIBUTED-STRESS,segmentStress_A,50,compressorHealth_A,280,69.5,0.0,69.5,69.5
EXP-01-DISTRIBUTED-STRESS,segmentStress_A,50,compressorHealth_A,290,70.0,0.0,70.0,70.0
EXP-01-DISTRIBUTED-STRESS,segmentStress_A,50,compressorHealth_A,300,70.0,0.0,70.0,70.0
EXP-01-DISTRIBUTED-STRESS,segmentStress_A,50,compressorHealth_A,310,75.5,0.0,75.5,75.5
EXP-01-DISTRIBUTED-STRESS,segmentStress_A,50,compressorHealth_A,320,76.0,0.0,76.0,76.0
EXP-01-DISTRIBUTED-STRESS,segmentStress_A,50,compressorHealth_A,330,76.0,0.0,76.0,76.0
EXP-01-DISTRIBUTED-STRESS,segmentStress_A,50,compressorHealth_A,340,81.5,0.0,81.5,81.5
EXP-01-DISTRIBUTED-STRESS,segmentStress_A,50,compressorHealth_A,350,82.0,0.0,82.0,82.0
EXP-01-DISTRIBUTED-STRESS,segmentStress_A,50,compressorHealth_A,360,82.0,0.0,82.0,82.0
EXP-01-DISTRIBUTED-STRESS,segmentStress_A,50,compressorHealth_A,370,87.5,0.0,87.5,87.5
EXP-01-DISTRIBUTED-STRESS,segmentStress_A,50,compressorHealth_A,380,88.0,0.0,88.0,88.0
EXP-01-DISTRIBUTED-STRESS,segmentStress_A,50,compressorHealth_A,390,88.0,0.0,88.0,88.0
EXP-01-DISTRIBUTED-STRESS,segmentStress_A,50,compressorHealth_A,400,93.5,0.0,93.5,93.5
EXP-01-DISTRIBUTED-STRESS,segmentStress_A,50,compressorHealth_A,410,94.0,0.0,94.0,94.0
EXP-01-DISTRIBUTED-STRESS,segmentStress_A,50,compressorHealth_A,420,94.0,0.0,94.0,94.0
EXP-01-DISTRIBUTED-STRESS,segmentStress_A,50,compressorHealth_A,430,99.5,0.0,99.5,99.5
EXP-01-DISTRIBUTED-STRESS,segmentStress_A,50,compressorHealth_A,440,100,0,100.0,100
EXP-01-DISTRIBUTED-STRESS,segmentStress_A,50,compressorHealth_A,450,100,0,100.0,100
EXP-01-DISTRIBUTED-STRESS,segmentStress_A,50,compressorHealth_A,460,100,0,100.0,100
EXP-01-DISTRIBUTED-STRESS,segmentStress_A,50,compressorHealth_A,470,100,0,100.0,100
EXP-01-DISTRIBUTED-STRESS,segmentStress_A,50,compressorHealth_A,480,100,0,100.0,100
EXP-01-DISTRIBUTED-STRESS,segmentStress_A,50,compressorHealth_A,490,100,0,100.0,100
EXP-01-DISTRIBUTED-STRESS,segmentStress_A,50,compressorHealth_A,500,100,0,100.0,100
EXP-01-DISTRIBUTED-STRESS,segmentStress_A,80,segmentStress_B,0,10,0,10.0,10.0
EXP-01-DISTRIBUTED-STRESS,segmentStress_A,80,segmentStress_B,10,17.0,0.0,17.0,17.0
EXP-01-DISTRIBUTED-STRESS,segmentStress_A,80,segmentStress_B,20,19.0,0.0,19.0,19.0
EXP-01-DISTRIBUTED-STRESS,segmentStress_A,80,segmentStress_B,30,19.0,0.0,19.0,19.0
EXP-01-DISTRIBUTED-STRESS,segmentStress_A,80,segmentStress_B,40,26.0,0.0,26.0,26.0
EXP-01-DISTRIBUTED-STRESS,segmentStress_A,80,segmentStress_B,50,28.0,0.0,28.0,28.0
EXP-01-DISTRIBUTED-STRESS,segmentStress_A,80,segmentStress_B,60,28.0,0.0,28.0,28.0
EXP-01-DISTRIBUTED-STRESS,segmentStress_A,80,segmentStress_B,70,35.0,0.0,35.0,35.0
EXP-01-DISTRIBUTED-STRESS,segmentStress_A,80,segmentStress_B,80,37.0,0.0,37.0,37.0
EXP-01-DISTRIBUTED-STRESS,segmentStress_A,80,segmentStress_B,90,37.0,0.0,37.0,37.0
EXP-01-DISTRIBUTED-STRESS,segmentStress_A,80,segmentStress_B,100,44.0,0.0,44.0,44.0
EXP-01-DISTRIBUTED-STRESS,segmentStress_A,80,segmentStress_B,110,46.0,0.0,46.0,46.0
EXP-01-DISTRIBUTED-STRESS,segmentStress_A,80,segmentStress_B,120,46.0,0.0,46.0,46.0
EXP-01-DISTRIBUTED-STRESS,segmentStress_A,80,segmentStress_B,130,53.0,0.0,53.0,53.0
EXP-01-DISTRIBUTED-STRESS,segmentStress_A,80,segmentStress_B,140,55.0,0.0,55.0,55.0
EXP-01-DISTRIBUTED-STRESS,segmentStress_A,80,segmentStress_B,150,55.0,0.0,55.0,55.0
EXP-01-DISTRIBUTED-STRESS,segmentStress_A,80,segmentStress_B,160,62.0,0.0,62.0,62.0
EXP-01-DISTRIBUTED-STRESS,segmentStress_A,80,segmentStress_B,170,64.0,0.0,64.0,64.0
EXP-01-DISTRIBUTED-STRESS,segmentStress_A,80,segmentStress_B,180,64.0,0.0,64.0,64.0
EXP-01-DISTRIBUTED-STRESS,segmentStress_A,80,segmentStress_B,190,71.0,0.0,71.0,71.0
EXP-01-DISTRIBUTED-STRESS,segmentStress_A,80,segmentStress_B,200,73.0,0.0,73.0,73.0
EXP-01-DISTRIBUTED-STRESS,segmentStress_A,80,segmentStress_B,210,73.0,0.0,73.0,73.0
EXP-01-DISTRIBUTED-STRESS,segmentStress_A,80,segmentStress_B,220,80.0,0.0,80.0,80.0
EXP-01-DISTRIBUTED-STRESS,segmentStress_A,80,segmentStress_B,230,82.0,0.0,82.0,82.0
EXP-01-DISTRIBUTED-STRESS,segmentStress_A,80,segmentStress_B,240,82.0,0.0,82.0,82.0
EXP-01-DISTRIBUTED-STRESS,segmentStress_A,80,segmentStress_B,250,89.0,0.0,89.0,89.0
EXP-01-DISTRIBUTED-STRESS,segmentStress_A,80,segmentStress_B,260,91.0,0.0,91.0,91.0
EXP-01-DISTRIBUTED-STRESS,segmentStress_A,80,segmentStress_B,270,91.0,0.0,91.0,91.0
EXP-01-DISTRIBUTED-STRESS,segmentStress_A,80,segmentStress_B,280,98.0,0.0,98.0,98.0
EXP-01-DISTRIBUTED-STRESS,segmentStress_A,80,segmentStress_B,290,100,0,100.0,100
EXP-01-DISTRIBUTED-STRESS,segmentStress_A,80,segmentStress_B,300,100,0,100.0,100
EXP-01-DISTRIBUTED-STRESS,segmentStress_A,80,segmentStress_B,310,100,0,100.0,100
EXP-01-DISTRIBUTED-STRESS,segmentStress_A,80,segmentStress_B,320,100,0,100.0,100
EXP-01-DISTRIBUTED-STRESS,segmentStress_A,80,segmentStress_B,330,100,0,100.0,100
EXP-01-DISTRIBUTED-STRESS,segmentStress_A,80,segmentStress_B,340,100,0,100.0,100
EXP-01-DISTRIBUTED-STRESS,segmentStress_A,80,segmentStress_B,350,100,0,100.0,100
EXP-01-DISTRIBUTED-STRESS,segmentStress_A,80,segmentStress_B,360,100,0,100.0,100
EXP-01-DISTRIBUTED-STRESS,segmentStress_A,80,segmentStress_B,370,100,0,100.0,100
EXP-01-DISTRIBUTED-STRESS,segmentStress_A,80,segmentStress_B,380,100,0,100.0,100
EXP-01-DISTRIBUTED-STRESS,segmentStress_A,80,segmentStress_B,390,100,0,100.0,100
EXP-01-DISTRIBUTED-STRESS,segmentStress_A,80,segmentStress_B,400,100,0,100.0,100
EXP-01-DISTRIBUTED-STRESS,segmentStress_A,80,segmentStress_B,410,100,0,100.0,100
EXP-01-DISTRIBUTED-STRESS,segmentStress_A,80,segmentStress_B,420,100,0,100.0,100
EXP-01-DISTRIBUTED-STRESS,segmentStress_A,80,segmentStress_B,430,100,0,100.0,100
EXP-01-DISTRIBUTED-STRESS,segmentStress_A,80,segmentStress_B,440,100,0,100.0,100
EXP-01-DISTRIBUTED-STRESS,segmentStress_A,80,segmentStress_B,450,100,0,100.0,100
EXP-01-DISTRIBUTED-STRESS,segmentStress_A,80,segmentStress_B,460,100,0,100.0,100
EXP-01-DISTRIBUTED-STRESS,segmentStress_A,80,segmentStress_B,470,100,0,100.0,100
EXP-01-DISTRIBUTED-STRESS,segmentStress_A,80,segmentStress_B,480,100,0,100.0,100
EXP-01-DISTRIBUTED-STRESS,segmentStress_A,80,segmentStress_B,490,100,0,100.0,100
EXP-01-DISTRIBUTED-STRESS,segmentStress_A,80,segmentStress_B,500,100,0,100.0,100
EXP-01-DISTRIBUTED-STRESS,segmentStress_A,80,localizedTelemetryTrust_A,0,10,0,10.0,10.0
EXP-01-DISTRIBUTED-STRESS,segmentStress_A,80,localizedTelemetryTrust_A,10,17.0,0.0,17.0,17.0
EXP-01-DISTRIBUTED-STRESS,segmentStress_A,80,localizedTelemetryTrust_A,20,19.0,0.0,19.0,19.0
EXP-01-DISTRIBUTED-STRESS,segmentStress_A,80,localizedTelemetryTrust_A,30,19.0,0.0,19.0,19.0
EXP-01-DISTRIBUTED-STRESS,segmentStress_A,80,localizedTelemetryTrust_A,40,26.0,0.0,26.0,26.0
EXP-01-DISTRIBUTED-STRESS,segmentStress_A,80,localizedTelemetryTrust_A,50,28.0,0.0,28.0,28.0
EXP-01-DISTRIBUTED-STRESS,segmentStress_A,80,localizedTelemetryTrust_A,60,28.0,0.0,28.0,28.0
EXP-01-DISTRIBUTED-STRESS,segmentStress_A,80,localizedTelemetryTrust_A,70,35.0,0.0,35.0,35.0
EXP-01-DISTRIBUTED-STRESS,segmentStress_A,80,localizedTelemetryTrust_A,80,37.0,0.0,37.0,37.0
EXP-01-DISTRIBUTED-STRESS,segmentStress_A,80,localizedTelemetryTrust_A,90,37.0,0.0,37.0,37.0
EXP-01-DISTRIBUTED-STRESS,segmentStress_A,80,localizedTelemetryTrust_A,100,44.0,0.0,44.0,44.0
EXP-01-DISTRIBUTED-STRESS,segmentStress_A,80,localizedTelemetryTrust_A,110,46.0,0.0,46.0,46.0
EXP-01-DISTRIBUTED-STRESS,segmentStress_A,80,localizedTelemetryTrust_A,120,46.0,0.0,46.0,46.0
EXP-01-DISTRIBUTED-STRESS,segmentStress_A,80,localizedTelemetryTrust_A,130,53.0,0.0,53.0,53.0
EXP-01-DISTRIBUTED-STRESS,segmentStress_A,80,localizedTelemetryTrust_A,140,55.0,0.0,55.0,55.0
EXP-01-DISTRIBUTED-STRESS,segmentStress_A,80,localizedTelemetryTrust_A,150,55.0,0.0,55.0,55.0
EXP-01-DISTRIBUTED-STRESS,segmentStress_A,80,localizedTelemetryTrust_A,160,62.0,0.0,62.0,62.0
EXP-01-DISTRIBUTED-STRESS,segmentStress_A,80,localizedTelemetryTrust_A,170,64.0,0.0,64.0,64.0
EXP-01-DISTRIBUTED-STRESS,segmentStress_A,80,localizedTelemetryTrust_A,180,64.0,0.0,64.0,64.0
EXP-01-DISTRIBUTED-STRESS,segmentStress_A,80,localizedTelemetryTrust_A,190,71.0,0.0,71.0,71.0
EXP-01-DISTRIBUTED-STRESS,segmentStress_A,80,localizedTelemetryTrust_A,200,73.0,0.0,73.0,73.0
EXP-01-DISTRIBUTED-STRESS,segmentStress_A,80,localizedTelemetryTrust_A,210,73.0,0.0,73.0,73.0
EXP-01-DISTRIBUTED-STRESS,segmentStress_A,80,localizedTelemetryTrust_A,220,80.0,0.0,80.0,80.0
EXP-01-DISTRIBUTED-STRESS,segmentStress_A,80,localizedTelemetryTrust_A,230,82.0,0.0,82.0,82.0
EXP-01-DISTRIBUTED-STRESS,segmentStress_A,80,localizedTelemetryTrust_A,240,82.0,0.0,82.0,82.0
EXP-01-DISTRIBUTED-STRESS,segmentStress_A,80,localizedTelemetryTrust_A,250,89.0,0.0,89.0,89.0
EXP-01-DISTRIBUTED-STRESS,segmentStress_A,80,localizedTelemetryTrust_A,260,91.0,0.0,91.0,91.0
EXP-01-DISTRIBUTED-STRESS,segmentStress_A,80,localizedTelemetryTrust_A,270,91.0,0.0,91.0,91.0
EXP-01-DISTRIBUTED-STRESS,segmentStress_A,80,localizedTelemetryTrust_A,280,98.0,0.0,98.0,98.0
EXP-01-DISTRIBUTED-STRESS,segmentStress_A,80,localizedTelemetryTrust_A,290,100,0,100.0,100
EXP-01-DISTRIBUTED-STRESS,segmentStress_A,80,localizedTelemetryTrust_A,300,100,0,100.0,100
EXP-01-DISTRIBUTED-STRESS,segmentStress_A,80,localizedTelemetryTrust_A,310,100,0,100.0,100
EXP-01-DISTRIBUTED-STRESS,segmentStress_A,80,localizedTelemetryTrust_A,320,100,0,100.0,100
EXP-01-DISTRIBUTED-STRESS,segmentStress_A,80,localizedTelemetryTrust_A,330,100,0,100.0,100
EXP-01-DISTRIBUTED-STRESS,segmentStress_A,80,localizedTelemetryTrust_A,340,100,0,100.0,100
EXP-01-DISTRIBUTED-STRESS,segmentStress_A,80,localizedTelemetryTrust_A,350,100,0,100.0,100
EXP-01-DISTRIBUTED-STRESS,segmentStress_A,80,localizedTelemetryTrust_A,360,100,0,100.0,100
EXP-01-DISTRIBUTED-STRESS,segmentStress_A,80,localizedTelemetryTrust_A,370,100,0,100.0,100
EXP-01-DISTRIBUTED-STRESS,segmentStress_A,80,localizedTelemetryTrust_A,380,100,0,100.0,100
EXP-01-DISTRIBUTED-STRESS,segmentStress_A,80,localizedTelemetryTrust_A,390,100,0,100.0,100
EXP-01-DISTRIBUTED-STRESS,segmentStress_A,80,localizedTelemetryTrust_A,400,100,0,100.0,100
EXP-01-DISTRIBUTED-STRESS,segmentStress_A,80,localizedTelemetryTrust_A,410,100,0,100.0,100
EXP-01-DISTRIBUTED-STRESS,segmentStress_A,80,localizedTelemetryTrust_A,420,100,0,100.0,100
EXP-01-DISTRIBUTED-STRESS,segmentStress_A,80,localizedTelemetryTrust_A,430,100,0,100.0,100
EXP-01-DISTRIBUTED-STRESS,segmentStress_A,80,localizedTelemetryTrust_A,440,100,0,100.0,100
EXP-01-DISTRIBUTED-STRESS,segmentStress_A,80,localizedTelemetryTrust_A,450,100,0,100.0,100
EXP-01-DISTRIBUTED-STRESS,segmentStress_A,80,localizedTelemetryTrust_A,460,100,0,100.0,100
EXP-01-DISTRIBUTED-STRESS,segmentStress_A,80,localizedTelemetryTrust_A,470,100,0,100.0,100
EXP-01-DISTRIBUTED-STRESS,segmentStress_A,80,localizedTelemetryTrust_A,480,100,0,100.0,100
EXP-01-DISTRIBUTED-STRESS,segmentStress_A,80,localizedTelemetryTrust_A,490,100,0,100.0,100
EXP-01-DISTRIBUTED-STRESS,segmentStress_A,80,localizedTelemetryTrust_A,500,100,0,100.0,100
EXP-01-DISTRIBUTED-STRESS,segmentStress_A,80,compressorHealth_A,0,10,0,10.0,10.0
EXP-01-DISTRIBUTED-STRESS,segmentStress_A,80,compressorHealth_A,10,17.0,0.0,17.0,17.0
EXP-01-DISTRIBUTED-STRESS,segmentStress_A,80,compressorHealth_A,20,19.0,0.0,19.0,19.0
EXP-01-DISTRIBUTED-STRESS,segmentStress_A,80,compressorHealth_A,30,19.0,0.0,19.0,19.0
EXP-01-DISTRIBUTED-STRESS,segmentStress_A,80,compressorHealth_A,40,26.0,0.0,26.0,26.0
EXP-01-DISTRIBUTED-STRESS,segmentStress_A,80,compressorHealth_A,50,28.0,0.0,28.0,28.0
EXP-01-DISTRIBUTED-STRESS,segmentStress_A,80,compressorHealth_A,60,28.0,0.0,28.0,28.0
EXP-01-DISTRIBUTED-STRESS,segmentStress_A,80,compressorHealth_A,70,35.0,0.0,35.0,35.0
EXP-01-DISTRIBUTED-STRESS,segmentStress_A,80,compressorHealth_A,80,37.0,0.0,37.0,37.0
EXP-01-DISTRIBUTED-STRESS,segmentStress_A,80,compressorHealth_A,90,37.0,0.0,37.0,37.0
EXP-01-DISTRIBUTED-STRESS,segmentStress_A,80,compressorHealth_A,100,44.0,0.0,44.0,44.0
EXP-01-DISTRIBUTED-STRESS,segmentStress_A,80,compressorHealth_A,110,46.0,0.0,46.0,46.0
EXP-01-DISTRIBUTED-STRESS,segmentStress_A,80,compressorHealth_A,120,46.0,0.0,46.0,46.0
EXP-01-DISTRIBUTED-STRESS,segmentStress_A,80,compressorHealth_A,130,53.0,0.0,53.0,53.0
EXP-01-DISTRIBUTED-STRESS,segmentStress_A,80,compressorHealth_A,140,55.0,0.0,55.0,55.0
EXP-01-DISTRIBUTED-STRESS,segmentStress_A,80,compressorHealth_A,150,55.0,0.0,55.0,55.0
EXP-01-DISTRIBUTED-STRESS,segmentStress_A,80,compressorHealth_A,160,62.0,0.0,62.0,62.0
EXP-01-DISTRIBUTED-STRESS,segmentStress_A,80,compressorHealth_A,170,64.0,0.0,64.0,64.0
EXP-01-DISTRIBUTED-STRESS,segmentStress_A,80,compressorHealth_A,180,64.0,0.0,64.0,64.0
EXP-01-DISTRIBUTED-STRESS,segmentStress_A,80,compressorHealth_A,190,71.0,0.0,71.0,71.0
EXP-01-DISTRIBUTED-STRESS,segmentStress_A,80,compressorHealth_A,200,73.0,0.0,73.0,73.0
EXP-01-DISTRIBUTED-STRESS,segmentStress_A,80,compressorHealth_A,210,73.0,0.0,73.0,73.0
EXP-01-DISTRIBUTED-STRESS,segmentStress_A,80,compressorHealth_A,220,80.0,0.0,80.0,80.0
EXP-01-DISTRIBUTED-STRESS,segmentStress_A,80,compressorHealth_A,230,82.0,0.0,82.0,82.0
EXP-01-DISTRIBUTED-STRESS,segmentStress_A,80,compressorHealth_A,240,82.0,0.0,82.0,82.0
EXP-01-DISTRIBUTED-STRESS,segmentStress_A,80,compressorHealth_A,250,89.0,0.0,89.0,89.0
EXP-01-DISTRIBUTED-STRESS,segmentStress_A,80,compressorHealth_A,260,91.0,0.0,91.0,91.0
EXP-01-DISTRIBUTED-STRESS,segmentStress_A,80,compressorHealth_A,270,91.0,0.0,91.0,91.0
EXP-01-DISTRIBUTED-STRESS,segmentStress_A,80,compressorHealth_A,280,98.0,0.0,98.0,98.0
EXP-01-DISTRIBUTED-STRESS,segmentStress_A,80,compressorHealth_A,290,100,0,100.0,100
EXP-01-DISTRIBUTED-STRESS,segmentStress_A,80,compressorHealth_A,300,100,0,100.0,100
EXP-01-DISTRIBUTED-STRESS,segmentStress_A,80,compressorHealth_A,310,100,0,100.0,100
EXP-01-DISTRIBUTED-STRESS,segmentStress_A,80,compressorHealth_A,320,100,0,100.0,100
EXP-01-DISTRIBUTED-STRESS,segmentStress_A,80,compressorHealth_A,330,100,0,100.0,100
EXP-01-DISTRIBUTED-STRESS,segmentStress_A,80,compressorHealth_A,340,100,0,100.0,100
EXP-01-DISTRIBUTED-STRESS,segmentStress_A,80,compressorHealth_A,350,100,0,100.0,100
EXP-01-DISTRIBUTED-STRESS,segmentStress_A,80,compressorHealth_A,360,100,0,100.0,100
EXP-01-DISTRIBUTED-STRESS,segmentStress_A,80,compressorHealth_A,370,100,0,100.0,100
EXP-01-DISTRIBUTED-STRESS,segmentStress_A,80,compressorHealth_A,380,100,0,100.0,100
EXP-01-DISTRIBUTED-STRESS,segmentStress_A,80,compressorHealth_A,390,100,0,100.0,100
EXP-01-DISTRIBUTED-STRESS,segmentStress_A,80,compressorHealth_A,400,100,0,100.0,100
EXP-01-DISTRIBUTED-STRESS,segmentStress_A,80,compressorHealth_A,410,100,0,100.0,100
EXP-01-DISTRIBUTED-STRESS,segmentStress_A,80,compressorHealth_A,420,100,0,100.0,100
EXP-01-DISTRIBUTED-STRESS,segmentStress_A,80,compressorHealth_A,430,100,0,100.0,100
EXP-01-DISTRIBUTED-STRESS,segmentStress_A,80,compressorHealth_A,440,100,0,100.0,100
EXP-01-DISTRIBUTED-STRESS,segmentStress_A,80,compressorHealth_A,450,100,0,100.0,100
EXP-01-DISTRIBUTED-STRESS,segmentStress_A,80,compressorHealth_A,460,100,0,100.0,100
EXP-01-DISTRIBUTED-STRESS,segmentStress_A,80,compressorHealth_A,470,100,0,100.0,100
EXP-01-DISTRIBUTED-STRESS,segmentStress_A,80,compressorHealth_A,480,100,0,100.0,100
EXP-01-DISTRIBUTED-STRESS,segmentStress_A,80,compressorHealth_A,490,100,0,100.0,100
EXP-01-DISTRIBUTED-STRESS,segmentStress_A,80,compressorHealth_A,500,100,0,100.0,100
EXP-02-CONGESTION-AWARE-BASELINE,congestionAwareDefense,0,resilienceDegradation,0,10,0,10.0,10.0
EXP-02-CONGESTION-AWARE-BASELINE,congestionAwareDefense,0,resilienceDegradation,10,13.0,0.0,13.0,13.0
EXP-02-CONGESTION-AWARE-BASELINE,congestionAwareDefense,0,resilienceDegradation,20,13.0,0.0,13.0,13.0
EXP-02-CONGESTION-AWARE-BASELINE,congestionAwareDefense,0,resilienceDegradation,30,13.0,0.0,13.0,13.0
EXP-02-CONGESTION-AWARE-BASELINE,congestionAwareDefense,0,resilienceDegradation,40,16.0,0.0,16.0,16.0
EXP-02-CONGESTION-AWARE-BASELINE,congestionAwareDefense,0,resilienceDegradation,50,16.0,0.0,16.0,16.0
EXP-02-CONGESTION-AWARE-BASELINE,congestionAwareDefense,0,resilienceDegradation,60,16.0,0.0,16.0,16.0
EXP-02-CONGESTION-AWARE-BASELINE,congestionAwareDefense,0,resilienceDegradation,70,19.0,0.0,19.0,19.0
EXP-02-CONGESTION-AWARE-BASELINE,congestionAwareDefense,0,resilienceDegradation,80,19.0,0.0,19.0,19.0
EXP-02-CONGESTION-AWARE-BASELINE,congestionAwareDefense,0,resilienceDegradation,90,19.0,0.0,19.0,19.0
EXP-02-CONGESTION-AWARE-BASELINE,congestionAwareDefense,0,resilienceDegradation,100,22.0,0.0,22.0,22.0
EXP-02-CONGESTION-AWARE-BASELINE,congestionAwareDefense,0,resilienceDegradation,110,22.0,0.0,22.0,22.0
EXP-02-CONGESTION-AWARE-BASELINE,congestionAwareDefense,0,resilienceDegradation,120,22.0,0.0,22.0,22.0
EXP-02-CONGESTION-AWARE-BASELINE,congestionAwareDefense,0,resilienceDegradation,130,25.0,0.0,25.0,25.0
EXP-02-CONGESTION-AWARE-BASELINE,congestionAwareDefense,0,resilienceDegradation,140,25.0,0.0,25.0,25.0
EXP-02-CONGESTION-AWARE-BASELINE,congestionAwareDefense,0,resilienceDegradation,150,25.0,0.0,25.0,25.0
EXP-02-CONGESTION-AWARE-BASELINE,congestionAwareDefense,0,resilienceDegradation,160,28.0,0.0,28.0,28.0
EXP-02-CONGESTION-AWARE-BASELINE,congestionAwareDefense,0,resilienceDegradation,170,28.0,0.0,28.0,28.0
EXP-02-CONGESTION-AWARE-BASELINE,congestionAwareDefense,0,resilienceDegradation,180,28.0,0.0,28.0,28.0
EXP-02-CONGESTION-AWARE-BASELINE,congestionAwareDefense,0,resilienceDegradation,190,31.0,0.0,31.0,31.0
EXP-02-CONGESTION-AWARE-BASELINE,congestionAwareDefense,0,resilienceDegradation,200,31.0,0.0,31.0,31.0
EXP-02-CONGESTION-AWARE-BASELINE,congestionAwareDefense,0,resilienceDegradation,210,31.0,0.0,31.0,31.0
EXP-02-CONGESTION-AWARE-BASELINE,congestionAwareDefense,0,resilienceDegradation,220,34.0,0.0,34.0,34.0
EXP-02-CONGESTION-AWARE-BASELINE,congestionAwareDefense,0,resilienceDegradation,230,34.0,0.0,34.0,34.0
EXP-02-CONGESTION-AWARE-BASELINE,congestionAwareDefense,0,resilienceDegradation,240,34.0,0.0,34.0,34.0
EXP-02-CONGESTION-AWARE-BASELINE,congestionAwareDefense,0,resilienceDegradation,250,37.0,0.0,37.0,37.0
EXP-02-CONGESTION-AWARE-BASELINE,congestionAwareDefense,0,resilienceDegradation,260,37.0,0.0,37.0,37.0
EXP-02-CONGESTION-AWARE-BASELINE,congestionAwareDefense,0,resilienceDegradation,270,37.0,0.0,37.0,37.0
EXP-02-CONGESTION-AWARE-BASELINE,congestionAwareDefense,0,resilienceDegradation,280,40.0,0.0,40.0,40.0
EXP-02-CONGESTION-AWARE-BASELINE,congestionAwareDefense,0,resilienceDegradation,290,40.0,0.0,40.0,40.0
EXP-02-CONGESTION-AWARE-BASELINE,congestionAwareDefense,0,resilienceDegradation,300,40.0,0.0,40.0,40.0
EXP-02-CONGESTION-AWARE-BASELINE,congestionAwareDefense,0,resilienceDegradation,310,43.0,0.0,43.0,43.0
EXP-02-CONGESTION-AWARE-BASELINE,congestionAwareDefense,0,resilienceDegradation,320,43.0,0.0,43.0,43.0
EXP-02-CONGESTION-AWARE-BASELINE,congestionAwareDefense,0,resilienceDegradation,330,43.0,0.0,43.0,43.0
EXP-02-CONGESTION-AWARE-BASELINE,congestionAwareDefense,0,resilienceDegradation,340,46.0,0.0,46.0,46.0
EXP-02-CONGESTION-AWARE-BASELINE,congestionAwareDefense,0,resilienceDegradation,350,46.0,0.0,46.0,46.0
EXP-02-CONGESTION-AWARE-BASELINE,congestionAwareDefense,0,resilienceDegradation,360,46.0,0.0,46.0,46.0
EXP-02-CONGESTION-AWARE-BASELINE,congestionAwareDefense,0,resilienceDegradation,370,49.0,0.0,49.0,49.0
EXP-02-CONGESTION-AWARE-BASELINE,congestionAwareDefense,0,resilienceDegradation,380,49.0,0.0,49.0,49.0
EXP-02-CONGESTION-AWARE-BASELINE,congestionAwareDefense,0,resilienceDegradation,390,49.0,0.0,49.0,49.0
EXP-02-CONGESTION-AWARE-BASELINE,congestionAwareDefense,0,resilienceDegradation,400,52.0,0.0,52.0,52.0
EXP-02-CONGESTION-AWARE-BASELINE,congestionAwareDefense,0,resilienceDegradation,410,52.0,0.0,52.0,52.0
EXP-02-CONGESTION-AWARE-BASELINE,congestionAwareDefense,0,resilienceDegradation,420,52.0,0.0,52.0,52.0
EXP-02-CONGESTION-AWARE-BASELINE,congestionAwareDefense,0,resilienceDegradation,430,55.0,0.0,55.0,55.0
EXP-02-CONGESTION-AWARE-BASELINE,congestionAwareDefense,0,resilienceDegradation,440,55.0,0.0,55.0,55.0
EXP-02-CONGESTION-AWARE-BASELINE,congestionAwareDefense,0,resilienceDegradation,450,55.0,0.0,55.0,55.0
EXP-02-CONGESTION-AWARE-BASELINE,congestionAwareDefense,0,resilienceDegradation,460,58.0,0.0,58.0,58.0
EXP-02-CONGESTION-AWARE-BASELINE,congestionAwareDefense,0,resilienceDegradation,470,58.0,0.0,58.0,58.0
EXP-02-CONGESTION-AWARE-BASELINE,congestionAwareDefense,0,resilienceDegradation,480,58.0,0.0,58.0,58.0
EXP-02-CONGESTION-AWARE-BASELINE,congestionAwareDefense,0,resilienceDegradation,490,61.0,0.0,61.0,61.0
EXP-02-CONGESTION-AWARE-BASELINE,congestionAwareDefense,0,resilienceDegradation,500,61.0,0.0,61.0,61.0
EXP-02-CONGESTION-AWARE-BASELINE,congestionAwareDefense,0,downtime,0,10,0,10.0,10.0
EXP-02-CONGESTION-AWARE-BASELINE,congestionAwareDefense,0,downtime,10,13.0,0.0,13.0,13.0
EXP-02-CONGESTION-AWARE-BASELINE,congestionAwareDefense,0,downtime,20,13.0,0.0,13.0,13.0
EXP-02-CONGESTION-AWARE-BASELINE,congestionAwareDefense,0,downtime,30,13.0,0.0,13.0,13.0
EXP-02-CONGESTION-AWARE-BASELINE,congestionAwareDefense,0,downtime,40,16.0,0.0,16.0,16.0
EXP-02-CONGESTION-AWARE-BASELINE,congestionAwareDefense,0,downtime,50,16.0,0.0,16.0,16.0
EXP-02-CONGESTION-AWARE-BASELINE,congestionAwareDefense,0,downtime,60,16.0,0.0,16.0,16.0
EXP-02-CONGESTION-AWARE-BASELINE,congestionAwareDefense,0,downtime,70,19.0,0.0,19.0,19.0
EXP-02-CONGESTION-AWARE-BASELINE,congestionAwareDefense,0,downtime,80,19.0,0.0,19.0,19.0
EXP-02-CONGESTION-AWARE-BASELINE,congestionAwareDefense,0,downtime,90,19.0,0.0,19.0,19.0
EXP-02-CONGESTION-AWARE-BASELINE,congestionAwareDefense,0,downtime,100,22.0,0.0,22.0,22.0
EXP-02-CONGESTION-AWARE-BASELINE,congestionAwareDefense,0,downtime,110,22.0,0.0,22.0,22.0
EXP-02-CONGESTION-AWARE-BASELINE,congestionAwareDefense,0,downtime,120,22.0,0.0,22.0,22.0
EXP-02-CONGESTION-AWARE-BASELINE,congestionAwareDefense,0,downtime,130,25.0,0.0,25.0,25.0
EXP-02-CONGESTION-AWARE-BASELINE,congestionAwareDefense,0,downtime,140,25.0,0.0,25.0,25.0
EXP-02-CONGESTION-AWARE-BASELINE,congestionAwareDefense,0,downtime,150,25.0,0.0,25.0,25.0
EXP-02-CONGESTION-AWARE-BASELINE,congestionAwareDefense,0,downtime,160,28.0,0.0,28.0,28.0
EXP-02-CONGESTION-AWARE-BASELINE,congestionAwareDefense,0,downtime,170,28.0,0.0,28.0,28.0
EXP-02-CONGESTION-AWARE-BASELINE,congestionAwareDefense,0,downtime,180,28.0,0.0,28.0,28.0
EXP-02-CONGESTION-AWARE-BASELINE,congestionAwareDefense,0,downtime,190,31.0,0.0,31.0,31.0
EXP-02-CONGESTION-AWARE-BASELINE,congestionAwareDefense,0,downtime,200,31.0,0.0,31.0,31.0
EXP-02-CONGESTION-AWARE-BASELINE,congestionAwareDefense,0,downtime,210,31.0,0.0,31.0,31.0
EXP-02-CONGESTION-AWARE-BASELINE,congestionAwareDefense,0,downtime,220,34.0,0.0,34.0,34.0
EXP-02-CONGESTION-AWARE-BASELINE,congestionAwareDefense,0,downtime,230,34.0,0.0,34.0,34.0
EXP-02-CONGESTION-AWARE-BASELINE,congestionAwareDefense,0,downtime,240,34.0,0.0,34.0,34.0
EXP-02-CONGESTION-AWARE-BASELINE,congestionAwareDefense,0,downtime,250,37.0,0.0,37.0,37.0
EXP-02-CONGESTION-AWARE-BASELINE,congestionAwareDefense,0,downtime,260,37.0,0.0,37.0,37.0
EXP-02-CONGESTION-AWARE-BASELINE,congestionAwareDefense,0,downtime,270,37.0,0.0,37.0,37.0
EXP-02-CONGESTION-AWARE-BASELINE,congestionAwareDefense,0,downtime,280,40.0,0.0,40.0,40.0
EXP-02-CONGESTION-AWARE-BASELINE,congestionAwareDefense,0,downtime,290,40.0,0.0,40.0,40.0
EXP-02-CONGESTION-AWARE-BASELINE,congestionAwareDefense,0,downtime,300,40.0,0.0,40.0,40.0
EXP-02-CONGESTION-AWARE-BASELINE,congestionAwareDefense,0,downtime,310,43.0,0.0,43.0,43.0
EXP-02-CONGESTION-AWARE-BASELINE,congestionAwareDefense,0,downtime,320,43.0,0.0,43.0,43.0
EXP-02-CONGESTION-AWARE-BASELINE,congestionAwareDefense,0,downtime,330,43.0,0.0,43.0,43.0
EXP-02-CONGESTION-AWARE-BASELINE,congestionAwareDefense,0,downtime,340,46.0,0.0,46.0,46.0
EXP-02-CONGESTION-AWARE-BASELINE,congestionAwareDefense,0,downtime,350,46.0,0.0,46.0,46.0
EXP-02-CONGESTION-AWARE-BASELINE,congestionAwareDefense,0,downtime,360,46.0,0.0,46.0,46.0
EXP-02-CONGESTION-AWARE-BASELINE,congestionAwareDefense,0,downtime,370,49.0,0.0,49.0,49.0
EXP-02-CONGESTION-AWARE-BASELINE,congestionAwareDefense,0,downtime,380,49.0,0.0,49.0,49.0
EXP-02-CONGESTION-AWARE-BASELINE,congestionAwareDefense,0,downtime,390,49.0,0.0,49.0,49.0
EXP-02-CONGESTION-AWARE-BASELINE,congestionAwareDefense,0,downtime,400,52.0,0.0,52.0,52.0
EXP-02-CONGESTION-AWARE-BASELINE,congestionAwareDefense,0,downtime,410,52.0,0.0,52.0,52.0
EXP-02-CONGESTION-AWARE-BASELINE,congestionAwareDefense,0,downtime,420,52.0,0.0,52.0,52.0
EXP-02-CONGESTION-AWARE-BASELINE,congestionAwareDefense,0,downtime,430,55.0,0.0,55.0,55.0
EXP-02-CONGESTION-AWARE-BASELINE,congestionAwareDefense,0,downtime,440,55.0,0.0,55.0,55.0
EXP-02-CONGESTION-AWARE-BASELINE,congestionAwareDefense,0,downtime,450,55.0,0.0,55.0,55.0
EXP-02-CONGESTION-AWARE-BASELINE,congestionAwareDefense,0,downtime,460,58.0,0.0,58.0,58.0
EXP-02-CONGESTION-AWARE-BASELINE,congestionAwareDefense,0,downtime,470,58.0,0.0,58.0,58.0
EXP-02-CONGESTION-AWARE-BASELINE,congestionAwareDefense,0,downtime,480,58.0,0.0,58.0,58.0
EXP-02-CONGESTION-AWARE-BASELINE,congestionAwareDefense,0,downtime,490,61.0,0.0,61.0,61.0
EXP-02-CONGESTION-AWARE-BASELINE,congestionAwareDefense,0,downtime,500,61.0,0.0,61.0,61.0
EXP-02-CONGESTION-AWARE-BASELINE,congestionAwareDefense,0,safeModeOperation,0,10,0,10.0,10.0
EXP-02-CONGESTION-AWARE-BASELINE,congestionAwareDefense,0,safeModeOperation,10,13.0,0.0,13.0,13.0
EXP-02-CONGESTION-AWARE-BASELINE,congestionAwareDefense,0,safeModeOperation,20,13.0,0.0,13.0,13.0
EXP-02-CONGESTION-AWARE-BASELINE,congestionAwareDefense,0,safeModeOperation,30,13.0,0.0,13.0,13.0
EXP-02-CONGESTION-AWARE-BASELINE,congestionAwareDefense,0,safeModeOperation,40,16.0,0.0,16.0,16.0
EXP-02-CONGESTION-AWARE-BASELINE,congestionAwareDefense,0,safeModeOperation,50,16.0,0.0,16.0,16.0
EXP-02-CONGESTION-AWARE-BASELINE,congestionAwareDefense,0,safeModeOperation,60,16.0,0.0,16.0,16.0
EXP-02-CONGESTION-AWARE-BASELINE,congestionAwareDefense,0,safeModeOperation,70,19.0,0.0,19.0,19.0
EXP-02-CONGESTION-AWARE-BASELINE,congestionAwareDefense,0,safeModeOperation,80,19.0,0.0,19.0,19.0
EXP-02-CONGESTION-AWARE-BASELINE,congestionAwareDefense,0,safeModeOperation,90,19.0,0.0,19.0,19.0
EXP-02-CONGESTION-AWARE-BASELINE,congestionAwareDefense,0,safeModeOperation,100,22.0,0.0,22.0,22.0
EXP-02-CONGESTION-AWARE-BASELINE,congestionAwareDefense,0,safeModeOperation,110,22.0,0.0,22.0,22.0
EXP-02-CONGESTION-AWARE-BASELINE,congestionAwareDefense,0,safeModeOperation,120,22.0,0.0,22.0,22.0
EXP-02-CONGESTION-AWARE-BASELINE,congestionAwareDefense,0,safeModeOperation,130,25.0,0.0,25.0,25.0
EXP-02-CONGESTION-AWARE-BASELINE,congestionAwareDefense,0,safeModeOperation,140,25.0,0.0,25.0,25.0
EXP-02-CONGESTION-AWARE-BASELINE,congestionAwareDefense,0,safeModeOperation,150,25.0,0.0,25.0,25.0
EXP-02-CONGESTION-AWARE-BASELINE,congestionAwareDefense,0,safeModeOperation,160,28.0,0.0,28.0,28.0
EXP-02-CONGESTION-AWARE-BASELINE,congestionAwareDefense,0,safeModeOperation,170,28.0,0.0,28.0,28.0
EXP-02-CONGESTION-AWARE-BASELINE,congestionAwareDefense,0,safeModeOperation,180,28.0,0.0,28.0,28.0
EXP-02-CONGESTION-AWARE-BASELINE,congestionAwareDefense,0,safeModeOperation,190,31.0,0.0,31.0,31.0
EXP-02-CONGESTION-AWARE-BASELINE,congestionAwareDefense,0,safeModeOperation,200,31.0,0.0,31.0,31.0
EXP-02-CONGESTION-AWARE-BASELINE,congestionAwareDefense,0,safeModeOperation,210,31.0,0.0,31.0,31.0
EXP-02-CONGESTION-AWARE-BASELINE,congestionAwareDefense,0,safeModeOperation,220,34.0,0.0,34.0,34.0
EXP-02-CONGESTION-AWARE-BASELINE,congestionAwareDefense,0,safeModeOperation,230,34.0,0.0,34.0,34.0
EXP-02-CONGESTION-AWARE-BASELINE,congestionAwareDefense,0,safeModeOperation,240,34.0,0.0,34.0,34.0
EXP-02-CONGESTION-AWARE-BASELINE,congestionAwareDefense,0,safeModeOperation,250,37.0,0.0,37.0,37.0
EXP-02-CONGESTION-AWARE-BASELINE,congestionAwareDefense,0,safeModeOperation,260,37.0,0.0,37.0,37.0
EXP-02-CONGESTION-AWARE-BASELINE,congestionAwareDefense,0,safeModeOperation,270,37.0,0.0,37.0,37.0
EXP-02-CONGESTION-AWARE-BASELINE,congestionAwareDefense,0,safeModeOperation,280,40.0,0.0,40.0,40.0
EXP-02-CONGESTION-AWARE-BASELINE,congestionAwareDefense,0,safeModeOperation,290,40.0,0.0,40.0,40.0
EXP-02-CONGESTION-AWARE-BASELINE,congestionAwareDefense,0,safeModeOperation,300,40.0,0.0,40.0,40.0
EXP-02-CONGESTION-AWARE-BASELINE,congestionAwareDefense,0,safeModeOperation,310,43.0,0.0,43.0,43.0
EXP-02-CONGESTION-AWARE-BASELINE,congestionAwareDefense,0,safeModeOperation,320,43.0,0.0,43.0,43.0
EXP-02-CONGESTION-AWARE-BASELINE,congestionAwareDefense,0,safeModeOperation,330,43.0,0.0,43.0,43.0
EXP-02-CONGESTION-AWARE-BASELINE,congestionAwareDefense,0,safeModeOperation,340,46.0,0.0,46.0,46.0
EXP-02-CONGESTION-AWARE-BASELINE,congestionAwareDefense,0,safeModeOperation,350,46.0,0.0,46.0,46.0
EXP-02-CONGESTION-AWARE-BASELINE,congestionAwareDefense,0,safeModeOperation,360,46.0,0.0,46.0,46.0
EXP-02-CONGESTION-AWARE-BASELINE,congestionAwareDefense,0,safeModeOperation,370,49.0,0.0,49.0,49.0
EXP-02-CONGESTION-AWARE-BASELINE,congestionAwareDefense,0,safeModeOperation,380,49.0,0.0,49.0,49.0
EXP-02-CONGESTION-AWARE-BASELINE,congestionAwareDefense,0,safeModeOperation,390,49.0,0.0,49.0,49.0
EXP-02-CONGESTION-AWARE-BASELINE,congestionAwareDefense,0,safeModeOperation,400,52.0,0.0,52.0,52.0
EXP-02-CONGESTION-AWARE-BASELINE,congestionAwareDefense,0,safeModeOperation,410,52.0,0.0,52.0,52.0
EXP-02-CONGESTION-AWARE-BASELINE,congestionAwareDefense,0,safeModeOperation,420,52.0,0.0,52.0,52.0
EXP-02-CONGESTION-AWARE-BASELINE,congestionAwareDefense,0,safeModeOperation,430,55.0,0.0,55.0,55.0
EXP-02-CONGESTION-AWARE-BASELINE,congestionAwareDefense,0,safeModeOperation,440,55.0,0.0,55.0,55.0
EXP-02-CONGESTION-AWARE-BASELINE,congestionAwareDefense,0,safeModeOperation,450,55.0,0.0,55.0,55.0
EXP-02-CONGESTION-AWARE-BASELINE,congestionAwareDefense,0,safeModeOperation,460,58.0,0.0,58.0,58.0
EXP-02-CONGESTION-AWARE-BASELINE,congestionAwareDefense,0,safeModeOperation,470,58.0,0.0,58.0,58.0
EXP-02-CONGESTION-AWARE-BASELINE,congestionAwareDefense,0,safeModeOperation,480,58.0,0.0,58.0,58.0
EXP-02-CONGESTION-AWARE-BASELINE,congestionAwareDefense,0,safeModeOperation,490,61.0,0.0,61.0,61.0
EXP-02-CONGESTION-AWARE-BASELINE,congestionAwareDefense,0,safeModeOperation,500,61.0,0.0,61.0,61.0
EXP-02-CONGESTION-AWARE-BASELINE,congestionAwareDefense,1,resilienceDegradation,0,10,0,10.0,10.0
EXP-02-CONGESTION-AWARE-BASELINE,congestionAwareDefense,1,resilienceDegradation,10,13.1,0.0,13.1,13.1
EXP-02-CONGESTION-AWARE-BASELINE,congestionAwareDefense,1,resilienceDegradation,20,13.1,0.0,13.1,13.1
EXP-02-CONGESTION-AWARE-BASELINE,congestionAwareDefense,1,resilienceDegradation,30,13.1,0.0,13.1,13.1
EXP-02-CONGESTION-AWARE-BASELINE,congestionAwareDefense,1,resilienceDegradation,40,16.2,0.0,16.2,16.2
EXP-02-CONGESTION-AWARE-BASELINE,congestionAwareDefense,1,resilienceDegradation,50,16.2,0.0,16.2,16.2
EXP-02-CONGESTION-AWARE-BASELINE,congestionAwareDefense,1,resilienceDegradation,60,16.2,0.0,16.2,16.2
EXP-02-CONGESTION-AWARE-BASELINE,congestionAwareDefense,1,resilienceDegradation,70,19.3,0.0,19.3,19.3
EXP-02-CONGESTION-AWARE-BASELINE,congestionAwareDefense,1,resilienceDegradation,80,19.3,0.0,19.3,19.3
EXP-02-CONGESTION-AWARE-BASELINE,congestionAwareDefense,1,resilienceDegradation,90,19.3,0.0,19.3,19.3
EXP-02-CONGESTION-AWARE-BASELINE,congestionAwareDefense,1,resilienceDegradation,100,22.4,0.0,22.4,22.4
EXP-02-CONGESTION-AWARE-BASELINE,congestionAwareDefense,1,resilienceDegradation,110,22.4,0.0,22.4,22.4
EXP-02-CONGESTION-AWARE-BASELINE,congestionAwareDefense,1,resilienceDegradation,120,22.4,0.0,22.4,22.4
EXP-02-CONGESTION-AWARE-BASELINE,congestionAwareDefense,1,resilienceDegradation,130,25.5,0.0,25.5,25.5
EXP-02-CONGESTION-AWARE-BASELINE,congestionAwareDefense,1,resilienceDegradation,140,25.5,0.0,25.5,25.5
EXP-02-CONGESTION-AWARE-BASELINE,congestionAwareDefense,1,resilienceDegradation,150,25.5,0.0,25.5,25.5
EXP-02-CONGESTION-AWARE-BASELINE,congestionAwareDefense,1,resilienceDegradation,160,28.6,0.0,28.6,28.6
EXP-02-CONGESTION-AWARE-BASELINE,congestionAwareDefense,1,resilienceDegradation,170,28.6,0.0,28.6,28.6
EXP-02-CONGESTION-AWARE-BASELINE,congestionAwareDefense,1,resilienceDegradation,180,28.6,0.0,28.6,28.6
EXP-02-CONGESTION-AWARE-BASELINE,congestionAwareDefense,1,resilienceDegradation,190,31.7,0.0,31.7,31.7
EXP-02-CONGESTION-AWARE-BASELINE,congestionAwareDefense,1,resilienceDegradation,200,31.7,0.0,31.7,31.7
EXP-02-CONGESTION-AWARE-BASELINE,congestionAwareDefense,1,resilienceDegradation,210,31.7,0.0,31.7,31.7
EXP-02-CONGESTION-AWARE-BASELINE,congestionAwareDefense,1,resilienceDegradation,220,34.8,0.0,34.8,34.8
EXP-02-CONGESTION-AWARE-BASELINE,congestionAwareDefense,1,resilienceDegradation,230,34.8,0.0,34.8,34.8
EXP-02-CONGESTION-AWARE-BASELINE,congestionAwareDefense,1,resilienceDegradation,240,34.8,0.0,34.8,34.8
EXP-02-CONGESTION-AWARE-BASELINE,congestionAwareDefense,1,resilienceDegradation,250,37.9,0.0,37.9,37.9
EXP-02-CONGESTION-AWARE-BASELINE,congestionAwareDefense,1,resilienceDegradation,260,37.9,0.0,37.9,37.9
EXP-02-CONGESTION-AWARE-BASELINE,congestionAwareDefense,1,resilienceDegradation,270,37.9,0.0,37.9,37.9
EXP-02-CONGESTION-AWARE-BASELINE,congestionAwareDefense,1,resilienceDegradation,280,41.0,0.0,41.0,41.0
EXP-02-CONGESTION-AWARE-BASELINE,congestionAwareDefense,1,resilienceDegradation,290,41.0,0.0,41.0,41.0
EXP-02-CONGESTION-AWARE-BASELINE,congestionAwareDefense,1,resilienceDegradation,300,41.0,0.0,41.0,41.0
EXP-02-CONGESTION-AWARE-BASELINE,congestionAwareDefense,1,resilienceDegradation,310,44.1,0.0,44.1,44.1
EXP-02-CONGESTION-AWARE-BASELINE,congestionAwareDefense,1,resilienceDegradation,320,44.1,0.0,44.1,44.1
EXP-02-CONGESTION-AWARE-BASELINE,congestionAwareDefense,1,resilienceDegradation,330,44.1,0.0,44.1,44.1
EXP-02-CONGESTION-AWARE-BASELINE,congestionAwareDefense,1,resilienceDegradation,340,47.2,0.0,47.2,47.2
EXP-02-CONGESTION-AWARE-BASELINE,congestionAwareDefense,1,resilienceDegradation,350,47.2,0.0,47.2,47.2
EXP-02-CONGESTION-AWARE-BASELINE,congestionAwareDefense,1,resilienceDegradation,360,47.2,0.0,47.2,47.2
EXP-02-CONGESTION-AWARE-BASELINE,congestionAwareDefense,1,resilienceDegradation,370,50.3,0.0,50.3,50.3
EXP-02-CONGESTION-AWARE-BASELINE,congestionAwareDefense,1,resilienceDegradation,380,50.3,0.0,50.3,50.3
EXP-02-CONGESTION-AWARE-BASELINE,congestionAwareDefense,1,resilienceDegradation,390,50.3,0.0,50.3,50.3
EXP-02-CONGESTION-AWARE-BASELINE,congestionAwareDefense,1,resilienceDegradation,400,53.4,0.0,53.4,53.4
EXP-02-CONGESTION-AWARE-BASELINE,congestionAwareDefense,1,resilienceDegradation,410,53.4,0.0,53.4,53.4
EXP-02-CONGESTION-AWARE-BASELINE,congestionAwareDefense,1,resilienceDegradation,420,53.4,0.0,53.4,53.4
EXP-02-CONGESTION-AWARE-BASELINE,congestionAwareDefense,1,resilienceDegradation,430,56.5,0.0,56.5,56.5
EXP-02-CONGESTION-AWARE-BASELINE,congestionAwareDefense,1,resilienceDegradation,440,56.5,0.0,56.5,56.5
EXP-02-CONGESTION-AWARE-BASELINE,congestionAwareDefense,1,resilienceDegradation,450,56.5,0.0,56.5,56.5
EXP-02-CONGESTION-AWARE-BASELINE,congestionAwareDefense,1,resilienceDegradation,460,59.6,0.0,59.6,59.6
EXP-02-CONGESTION-AWARE-BASELINE,congestionAwareDefense,1,resilienceDegradation,470,59.6,0.0,59.6,59.6
EXP-02-CONGESTION-AWARE-BASELINE,congestionAwareDefense,1,resilienceDegradation,480,59.6,0.0,59.6,59.6
EXP-02-CONGESTION-AWARE-BASELINE,congestionAwareDefense,1,resilienceDegradation,490,62.7,0.0,62.7,62.7
EXP-02-CONGESTION-AWARE-BASELINE,congestionAwareDefense,1,resilienceDegradation,500,62.7,0.0,62.7,62.7
EXP-02-CONGESTION-AWARE-BASELINE,congestionAwareDefense,1,downtime,0,10,0,10.0,10.0
EXP-02-CONGESTION-AWARE-BASELINE,congestionAwareDefense,1,downtime,10,13.05,0.0,13.05,13.05
EXP-02-CONGESTION-AWARE-BASELINE,congestionAwareDefense,1,downtime,20,13.05,0.0,13.05,13.05
EXP-02-CONGESTION-AWARE-BASELINE,congestionAwareDefense,1,downtime,30,13.05,0.0,13.05,13.05
EXP-02-CONGESTION-AWARE-BASELINE,congestionAwareDefense,1,downtime,40,16.1,0.0,16.1,16.1
EXP-02-CONGESTION-AWARE-BASELINE,congestionAwareDefense,1,downtime,50,16.1,0.0,16.1,16.1
EXP-02-CONGESTION-AWARE-BASELINE,congestionAwareDefense,1,downtime,60,16.1,0.0,16.1,16.1
EXP-02-CONGESTION-AWARE-BASELINE,congestionAwareDefense,1,downtime,70,19.15,0.0,19.15,19.15
EXP-02-CONGESTION-AWARE-BASELINE,congestionAwareDefense,1,downtime,80,19.15,0.0,19.15,19.15
EXP-02-CONGESTION-AWARE-BASELINE,congestionAwareDefense,1,downtime,90,19.15,0.0,19.15,19.15
EXP-02-CONGESTION-AWARE-BASELINE,congestionAwareDefense,1,downtime,100,22.2,0.0,22.2,22.2
EXP-02-CONGESTION-AWARE-BASELINE,congestionAwareDefense,1,downtime,110,22.2,0.0,22.2,22.2
EXP-02-CONGESTION-AWARE-BASELINE,congestionAwareDefense,1,downtime,120,22.2,0.0,22.2,22.2
EXP-02-CONGESTION-AWARE-BASELINE,congestionAwareDefense,1,downtime,130,25.25,0.0,25.25,25.25
EXP-02-CONGESTION-AWARE-BASELINE,congestionAwareDefense,1,downtime,140,25.25,0.0,25.25,25.25
EXP-02-CONGESTION-AWARE-BASELINE,congestionAwareDefense,1,downtime,150,25.25,0.0,25.25,25.25
EXP-02-CONGESTION-AWARE-BASELINE,congestionAwareDefense,1,downtime,160,28.3,0.0,28.3,28.3
EXP-02-CONGESTION-AWARE-BASELINE,congestionAwareDefense,1,downtime,170,28.3,0.0,28.3,28.3
EXP-02-CONGESTION-AWARE-BASELINE,congestionAwareDefense,1,downtime,180,28.3,0.0,28.3,28.3
EXP-02-CONGESTION-AWARE-BASELINE,congestionAwareDefense,1,downtime,190,31.35,0.0,31.35,31.35
EXP-02-CONGESTION-AWARE-BASELINE,congestionAwareDefense,1,downtime,200,31.35,0.0,31.35,31.35
EXP-02-CONGESTION-AWARE-BASELINE,congestionAwareDefense,1,downtime,210,31.35,0.0,31.35,31.35
EXP-02-CONGESTION-AWARE-BASELINE,congestionAwareDefense,1,downtime,220,34.4,0.0,34.4,34.4
EXP-02-CONGESTION-AWARE-BASELINE,congestionAwareDefense,1,downtime,230,34.4,0.0,34.4,34.4
EXP-02-CONGESTION-AWARE-BASELINE,congestionAwareDefense,1,downtime,240,34.4,0.0,34.4,34.4
EXP-02-CONGESTION-AWARE-BASELINE,congestionAwareDefense,1,downtime,250,37.45,0.0,37.45,37.45
EXP-02-CONGESTION-AWARE-BASELINE,congestionAwareDefense,1,downtime,260,37.45,0.0,37.45,37.45
EXP-02-CONGESTION-AWARE-BASELINE,congestionAwareDefense,1,downtime,270,37.45,0.0,37.45,37.45
EXP-02-CONGESTION-AWARE-BASELINE,congestionAwareDefense,1,downtime,280,40.5,0.0,40.5,40.5
EXP-02-CONGESTION-AWARE-BASELINE,congestionAwareDefense,1,downtime,290,40.5,0.0,40.5,40.5
EXP-02-CONGESTION-AWARE-BASELINE,congestionAwareDefense,1,downtime,300,40.5,0.0,40.5,40.5
EXP-02-CONGESTION-AWARE-BASELINE,congestionAwareDefense,1,downtime,310,43.55,0.0,43.55,43.55
EXP-02-CONGESTION-AWARE-BASELINE,congestionAwareDefense,1,downtime,320,43.55,0.0,43.55,43.55
EXP-02-CONGESTION-AWARE-BASELINE,congestionAwareDefense,1,downtime,330,43.55,0.0,43.55,43.55
EXP-02-CONGESTION-AWARE-BASELINE,congestionAwareDefense,1,downtime,340,46.6,0.0,46.6,46.6
EXP-02-CONGESTION-AWARE-BASELINE,congestionAwareDefense,1,downtime,350,46.6,0.0,46.6,46.6
EXP-02-CONGESTION-AWARE-BASELINE,congestionAwareDefense,1,downtime,360,46.6,0.0,46.6,46.6
EXP-02-CONGESTION-AWARE-BASELINE,congestionAwareDefense,1,downtime,370,49.65,0.0,49.65,49.65
EXP-02-CONGESTION-AWARE-BASELINE,congestionAwareDefense,1,downtime,380,49.65,0.0,49.65,49.65
EXP-02-CONGESTION-AWARE-BASELINE,congestionAwareDefense,1,downtime,390,49.65,0.0,49.65,49.65
EXP-02-CONGESTION-AWARE-BASELINE,congestionAwareDefense,1,downtime,400,52.7,0.0,52.7,52.7
EXP-02-CONGESTION-AWARE-BASELINE,congestionAwareDefense,1,downtime,410,52.7,0.0,52.7,52.7
EXP-02-CONGESTION-AWARE-BASELINE,congestionAwareDefense,1,downtime,420,52.7,0.0,52.7,52.7
EXP-02-CONGESTION-AWARE-BASELINE,congestionAwareDefense,1,downtime,430,55.75,0.0,55.75,55.75
EXP-02-CONGESTION-AWARE-BASELINE,congestionAwareDefense,1,downtime,440,55.75,0.0,55.75,55.75
EXP-02-CONGESTION-AWARE-BASELINE,congestionAwareDefense,1,downtime,450,55.75,0.0,55.75,55.75
EXP-02-CONGESTION-AWARE-BASELINE,congestionAwareDefense,1,downtime,460,58.8,0.0,58.8,58.8
EXP-02-CONGESTION-AWARE-BASELINE,congestionAwareDefense,1,downtime,470,58.8,0.0,58.8,58.8
EXP-02-CONGESTION-AWARE-BASELINE,congestionAwareDefense,1,downtime,480,58.8,0.0,58.8,58.8
EXP-02-CONGESTION-AWARE-BASELINE,congestionAwareDefense,1,downtime,490,61.85,0.0,61.85,61.85
EXP-02-CONGESTION-AWARE-BASELINE,congestionAwareDefense,1,downtime,500,61.85,0.0,61.85,61.85
EXP-02-CONGESTION-AWARE-BASELINE,congestionAwareDefense,1,safeModeOperation,0,10,0,10.0,10.0
EXP-02-CONGESTION-AWARE-BASELINE,congestionAwareDefense,1,safeModeOperation,10,13.05,0.0,13.05,13.05
EXP-02-CONGESTION-AWARE-BASELINE,congestionAwareDefense,1,safeModeOperation,20,13.05,0.0,13.05,13.05
EXP-02-CONGESTION-AWARE-BASELINE,congestionAwareDefense,1,safeModeOperation,30,13.05,0.0,13.05,13.05
EXP-02-CONGESTION-AWARE-BASELINE,congestionAwareDefense,1,safeModeOperation,40,16.1,0.0,16.1,16.1
EXP-02-CONGESTION-AWARE-BASELINE,congestionAwareDefense,1,safeModeOperation,50,16.1,0.0,16.1,16.1
EXP-02-CONGESTION-AWARE-BASELINE,congestionAwareDefense,1,safeModeOperation,60,16.1,0.0,16.1,16.1
EXP-02-CONGESTION-AWARE-BASELINE,congestionAwareDefense,1,safeModeOperation,70,19.15,0.0,19.15,19.15
EXP-02-CONGESTION-AWARE-BASELINE,congestionAwareDefense,1,safeModeOperation,80,19.15,0.0,19.15,19.15
EXP-02-CONGESTION-AWARE-BASELINE,congestionAwareDefense,1,safeModeOperation,90,19.15,0.0,19.15,19.15
EXP-02-CONGESTION-AWARE-BASELINE,congestionAwareDefense,1,safeModeOperation,100,22.2,0.0,22.2,22.2
EXP-02-CONGESTION-AWARE-BASELINE,congestionAwareDefense,1,safeModeOperation,110,22.2,0.0,22.2,22.2
EXP-02-CONGESTION-AWARE-BASELINE,congestionAwareDefense,1,safeModeOperation,120,22.2,0.0,22.2,22.2
EXP-02-CONGESTION-AWARE-BASELINE,congestionAwareDefense,1,safeModeOperation,130,25.25,0.0,25.25,25.25
EXP-02-CONGESTION-AWARE-BASELINE,congestionAwareDefense,1,safeModeOperation,140,25.25,0.0,25.25,25.25
EXP-02-CONGESTION-AWARE-BASELINE,congestionAwareDefense,1,safeModeOperation,150,25.25,0.0,25.25,25.25
EXP-02-CONGESTION-AWARE-BASELINE,congestionAwareDefense,1,safeModeOperation,160,28.3,0.0,28.3,28.3
EXP-02-CONGESTION-AWARE-BASELINE,congestionAwareDefense,1,safeModeOperation,170,28.3,0.0,28.3,28.3
EXP-02-CONGESTION-AWARE-BASELINE,congestionAwareDefense,1,safeModeOperation,180,28.3,0.0,28.3,28.3
EXP-02-CONGESTION-AWARE-BASELINE,congestionAwareDefense,1,safeModeOperation,190,31.35,0.0,31.35,31.35
EXP-02-CONGESTION-AWARE-BASELINE,congestionAwareDefense,1,safeModeOperation,200,31.35,0.0,31.35,31.35
EXP-02-CONGESTION-AWARE-BASELINE,congestionAwareDefense,1,safeModeOperation,210,31.35,0.0,31.35,31.35
EXP-02-CONGESTION-AWARE-BASELINE,congestionAwareDefense,1,safeModeOperation,220,34.4,0.0,34.4,34.4
EXP-02-CONGESTION-AWARE-BASELINE,congestionAwareDefense,1,safeModeOperation,230,34.4,0.0,34.4,34.4
EXP-02-CONGESTION-AWARE-BASELINE,congestionAwareDefense,1,safeModeOperation,240,34.4,0.0,34.4,34.4
EXP-02-CONGESTION-AWARE-BASELINE,congestionAwareDefense,1,safeModeOperation,250,37.45,0.0,37.45,37.45
EXP-02-CONGESTION-AWARE-BASELINE,congestionAwareDefense,1,safeModeOperation,260,37.45,0.0,37.45,37.45
EXP-02-CONGESTION-AWARE-BASELINE,congestionAwareDefense,1,safeModeOperation,270,37.45,0.0,37.45,37.45
EXP-02-CONGESTION-AWARE-BASELINE,congestionAwareDefense,1,safeModeOperation,280,40.5,0.0,40.5,40.5
EXP-02-CONGESTION-AWARE-BASELINE,congestionAwareDefense,1,safeModeOperation,290,40.5,0.0,40.5,40.5
EXP-02-CONGESTION-AWARE-BASELINE,congestionAwareDefense,1,safeModeOperation,300,40.5,0.0,40.5,40.5
EXP-02-CONGESTION-AWARE-BASELINE,congestionAwareDefense,1,safeModeOperation,310,43.55,0.0,43.55,43.55
EXP-02-CONGESTION-AWARE-BASELINE,congestionAwareDefense,1,safeModeOperation,320,43.55,0.0,43.55,43.55
EXP-02-CONGESTION-AWARE-BASELINE,congestionAwareDefense,1,safeModeOperation,330,43.55,0.0,43.55,43.55
EXP-02-CONGESTION-AWARE-BASELINE,congestionAwareDefense,1,safeModeOperation,340,46.6,0.0,46.6,46.6
EXP-02-CONGESTION-AWARE-BASELINE,congestionAwareDefense,1,safeModeOperation,350,46.6,0.0,46.6,46.6
EXP-02-CONGESTION-AWARE-BASELINE,congestionAwareDefense,1,safeModeOperation,360,46.6,0.0,46.6,46.6
EXP-02-CONGESTION-AWARE-BASELINE,congestionAwareDefense,1,safeModeOperation,370,49.65,0.0,49.65,49.65
EXP-02-CONGESTION-AWARE-BASELINE,congestionAwareDefense,1,safeModeOperation,380,49.65,0.0,49.65,49.65
EXP-02-CONGESTION-AWARE-BASELINE,congestionAwareDefense,1,safeModeOperation,390,49.65,0.0,49.65,49.65
EXP-02-CONGESTION-AWARE-BASELINE,congestionAwareDefense,1,safeModeOperation,400,52.7,0.0,52.7,52.7
EXP-02-CONGESTION-AWARE-BASELINE,congestionAwareDefense,1,safeModeOperation,410,52.7,0.0,52.7,52.7
EXP-02-CONGESTION-AWARE-BASELINE,congestionAwareDefense,1,safeModeOperation,420,52.7,0.0,52.7,52.7
EXP-02-CONGESTION-AWARE-BASELINE,congestionAwareDefense,1,safeModeOperation,430,55.75,0.0,55.75,55.75
EXP-02-CONGESTION-AWARE-BASELINE,congestionAwareDefense,1,safeModeOperation,440,55.75,0.0,55.75,55.75
EXP-02-CONGESTION-AWARE-BASELINE,congestionAwareDefense,1,safeModeOperation,450,55.75,0.0,55.75,55.75
EXP-02-CONGESTION-AWARE-BASELINE,congestionAwareDefense,1,safeModeOperation,460,58.8,0.0,58.8,58.8
EXP-02-CONGESTION-AWARE-BASELINE,congestionAwareDefense,1,safeModeOperation,470,58.8,0.0,58.8,58.8
EXP-02-CONGESTION-AWARE-BASELINE,congestionAwareDefense,1,safeModeOperation,480,58.8,0.0,58.8,58.8
EXP-02-CONGESTION-AWARE-BASELINE,congestionAwareDefense,1,safeModeOperation,490,61.85,0.0,61.85,61.85
EXP-02-CONGESTION-AWARE-BASELINE,congestionAwareDefense,1,safeModeOperation,500,61.85,0.0,61.85,61.85
EXP-03-TELEMETRY-TRUST-DECAY,telemetryAwareDefense,0,delayedTelemetry,0,10,0,10.0,10.0
EXP-03-TELEMETRY-TRUST-DECAY,telemetryAwareDefense,0,delayedTelemetry,10,13.0,0.0,13.0,13.0
EXP-03-TELEMETRY-TRUST-DECAY,telemetryAwareDefense,0,delayedTelemetry,20,13.0,0.0,13.0,13.0
EXP-03-TELEMETRY-TRUST-DECAY,telemetryAwareDefense,0,delayedTelemetry,30,13.0,0.0,13.0,13.0
EXP-03-TELEMETRY-TRUST-DECAY,telemetryAwareDefense,0,delayedTelemetry,40,16.0,0.0,16.0,16.0
EXP-03-TELEMETRY-TRUST-DECAY,telemetryAwareDefense,0,delayedTelemetry,50,16.0,0.0,16.0,16.0
EXP-03-TELEMETRY-TRUST-DECAY,telemetryAwareDefense,0,delayedTelemetry,60,16.0,0.0,16.0,16.0
EXP-03-TELEMETRY-TRUST-DECAY,telemetryAwareDefense,0,delayedTelemetry,70,19.0,0.0,19.0,19.0
EXP-03-TELEMETRY-TRUST-DECAY,telemetryAwareDefense,0,delayedTelemetry,80,19.0,0.0,19.0,19.0
EXP-03-TELEMETRY-TRUST-DECAY,telemetryAwareDefense,0,delayedTelemetry,90,19.0,0.0,19.0,19.0
EXP-03-TELEMETRY-TRUST-DECAY,telemetryAwareDefense,0,delayedTelemetry,100,22.0,0.0,22.0,22.0
EXP-03-TELEMETRY-TRUST-DECAY,telemetryAwareDefense,0,delayedTelemetry,110,22.0,0.0,22.0,22.0
EXP-03-TELEMETRY-TRUST-DECAY,telemetryAwareDefense,0,delayedTelemetry,120,22.0,0.0,22.0,22.0
EXP-03-TELEMETRY-TRUST-DECAY,telemetryAwareDefense,0,delayedTelemetry,130,25.0,0.0,25.0,25.0
EXP-03-TELEMETRY-TRUST-DECAY,telemetryAwareDefense,0,delayedTelemetry,140,25.0,0.0,25.0,25.0
EXP-03-TELEMETRY-TRUST-DECAY,telemetryAwareDefense,0,delayedTelemetry,150,25.0,0.0,25.0,25.0
EXP-03-TELEMETRY-TRUST-DECAY,telemetryAwareDefense,0,delayedTelemetry,160,28.0,0.0,28.0,28.0
EXP-03-TELEMETRY-TRUST-DECAY,telemetryAwareDefense,0,delayedTelemetry,170,28.0,0.0,28.0,28.0
EXP-03-TELEMETRY-TRUST-DECAY,telemetryAwareDefense,0,delayedTelemetry,180,28.0,0.0,28.0,28.0
EXP-03-TELEMETRY-TRUST-DECAY,telemetryAwareDefense,0,delayedTelemetry,190,31.0,0.0,31.0,31.0
EXP-03-TELEMETRY-TRUST-DECAY,telemetryAwareDefense,0,delayedTelemetry,200,31.0,0.0,31.0,31.0
EXP-03-TELEMETRY-TRUST-DECAY,telemetryAwareDefense,0,delayedTelemetry,210,31.0,0.0,31.0,31.0
EXP-03-TELEMETRY-TRUST-DECAY,telemetryAwareDefense,0,delayedTelemetry,220,34.0,0.0,34.0,34.0
EXP-03-TELEMETRY-TRUST-DECAY,telemetryAwareDefense,0,delayedTelemetry,230,34.0,0.0,34.0,34.0
EXP-03-TELEMETRY-TRUST-DECAY,telemetryAwareDefense,0,delayedTelemetry,240,34.0,0.0,34.0,34.0
EXP-03-TELEMETRY-TRUST-DECAY,telemetryAwareDefense,0,delayedTelemetry,250,37.0,0.0,37.0,37.0
EXP-03-TELEMETRY-TRUST-DECAY,telemetryAwareDefense,0,delayedTelemetry,260,37.0,0.0,37.0,37.0
EXP-03-TELEMETRY-TRUST-DECAY,telemetryAwareDefense,0,delayedTelemetry,270,37.0,0.0,37.0,37.0
EXP-03-TELEMETRY-TRUST-DECAY,telemetryAwareDefense,0,delayedTelemetry,280,40.0,0.0,40.0,40.0
EXP-03-TELEMETRY-TRUST-DECAY,telemetryAwareDefense,0,delayedTelemetry,290,40.0,0.0,40.0,40.0
EXP-03-TELEMETRY-TRUST-DECAY,telemetryAwareDefense,0,delayedTelemetry,300,40.0,0.0,40.0,40.0
EXP-03-TELEMETRY-TRUST-DECAY,telemetryAwareDefense,0,delayedTelemetry,310,43.0,0.0,43.0,43.0
EXP-03-TELEMETRY-TRUST-DECAY,telemetryAwareDefense,0,delayedTelemetry,320,43.0,0.0,43.0,43.0
EXP-03-TELEMETRY-TRUST-DECAY,telemetryAwareDefense,0,delayedTelemetry,330,43.0,0.0,43.0,43.0
EXP-03-TELEMETRY-TRUST-DECAY,telemetryAwareDefense,0,delayedTelemetry,340,46.0,0.0,46.0,46.0
EXP-03-TELEMETRY-TRUST-DECAY,telemetryAwareDefense,0,delayedTelemetry,350,46.0,0.0,46.0,46.0
EXP-03-TELEMETRY-TRUST-DECAY,telemetryAwareDefense,0,delayedTelemetry,360,46.0,0.0,46.0,46.0
EXP-03-TELEMETRY-TRUST-DECAY,telemetryAwareDefense,0,delayedTelemetry,370,49.0,0.0,49.0,49.0
EXP-03-TELEMETRY-TRUST-DECAY,telemetryAwareDefense,0,delayedTelemetry,380,49.0,0.0,49.0,49.0
EXP-03-TELEMETRY-TRUST-DECAY,telemetryAwareDefense,0,delayedTelemetry,390,49.0,0.0,49.0,49.0
EXP-03-TELEMETRY-TRUST-DECAY,telemetryAwareDefense,0,delayedTelemetry,400,52.0,0.0,52.0,52.0
EXP-03-TELEMETRY-TRUST-DECAY,telemetryAwareDefense,0,delayedTelemetry,410,52.0,0.0,52.0,52.0
EXP-03-TELEMETRY-TRUST-DECAY,telemetryAwareDefense,0,delayedTelemetry,420,52.0,0.0,52.0,52.0
EXP-03-TELEMETRY-TRUST-DECAY,telemetryAwareDefense,0,delayedTelemetry,430,55.0,0.0,55.0,55.0
EXP-03-TELEMETRY-TRUST-DECAY,telemetryAwareDefense,0,delayedTelemetry,440,55.0,0.0,55.0,55.0
EXP-03-TELEMETRY-TRUST-DECAY,telemetryAwareDefense,0,delayedTelemetry,450,55.0,0.0,55.0,55.0
EXP-03-TELEMETRY-TRUST-DECAY,telemetryAwareDefense,0,delayedTelemetry,460,58.0,0.0,58.0,58.0
EXP-03-TELEMETRY-TRUST-DECAY,telemetryAwareDefense,0,delayedTelemetry,470,58.0,0.0,58.0,58.0
EXP-03-TELEMETRY-TRUST-DECAY,telemetryAwareDefense,0,delayedTelemetry,480,58.0,0.0,58.0,58.0
EXP-03-TELEMETRY-TRUST-DECAY,telemetryAwareDefense,0,delayedTelemetry,490,61.0,0.0,61.0,61.0
EXP-03-TELEMETRY-TRUST-DECAY,telemetryAwareDefense,0,delayedTelemetry,500,61.0,0.0,61.0,61.0
EXP-03-TELEMETRY-TRUST-DECAY,telemetryAwareDefense,0,processDeviation,0,10,0,10.0,10.0
EXP-03-TELEMETRY-TRUST-DECAY,telemetryAwareDefense,0,processDeviation,10,13.0,0.0,13.0,13.0
EXP-03-TELEMETRY-TRUST-DECAY,telemetryAwareDefense,0,processDeviation,20,13.0,0.0,13.0,13.0
EXP-03-TELEMETRY-TRUST-DECAY,telemetryAwareDefense,0,processDeviation,30,13.0,0.0,13.0,13.0
EXP-03-TELEMETRY-TRUST-DECAY,telemetryAwareDefense,0,processDeviation,40,16.0,0.0,16.0,16.0
EXP-03-TELEMETRY-TRUST-DECAY,telemetryAwareDefense,0,processDeviation,50,16.0,0.0,16.0,16.0
EXP-03-TELEMETRY-TRUST-DECAY,telemetryAwareDefense,0,processDeviation,60,16.0,0.0,16.0,16.0
EXP-03-TELEMETRY-TRUST-DECAY,telemetryAwareDefense,0,processDeviation,70,19.0,0.0,19.0,19.0
EXP-03-TELEMETRY-TRUST-DECAY,telemetryAwareDefense,0,processDeviation,80,19.0,0.0,19.0,19.0
EXP-03-TELEMETRY-TRUST-DECAY,telemetryAwareDefense,0,processDeviation,90,19.0,0.0,19.0,19.0
EXP-03-TELEMETRY-TRUST-DECAY,telemetryAwareDefense,0,processDeviation,100,22.0,0.0,22.0,22.0
EXP-03-TELEMETRY-TRUST-DECAY,telemetryAwareDefense,0,processDeviation,110,22.0,0.0,22.0,22.0
EXP-03-TELEMETRY-TRUST-DECAY,telemetryAwareDefense,0,processDeviation,120,22.0,0.0,22.0,22.0
EXP-03-TELEMETRY-TRUST-DECAY,telemetryAwareDefense,0,processDeviation,130,25.0,0.0,25.0,25.0
EXP-03-TELEMETRY-TRUST-DECAY,telemetryAwareDefense,0,processDeviation,140,25.0,0.0,25.0,25.0
EXP-03-TELEMETRY-TRUST-DECAY,telemetryAwareDefense,0,processDeviation,150,25.0,0.0,25.0,25.0
EXP-03-TELEMETRY-TRUST-DECAY,telemetryAwareDefense,0,processDeviation,160,28.0,0.0,28.0,28.0
EXP-03-TELEMETRY-TRUST-DECAY,telemetryAwareDefense,0,processDeviation,170,28.0,0.0,28.0,28.0
EXP-03-TELEMETRY-TRUST-DECAY,telemetryAwareDefense,0,processDeviation,180,28.0,0.0,28.0,28.0
EXP-03-TELEMETRY-TRUST-DECAY,telemetryAwareDefense,0,processDeviation,190,31.0,0.0,31.0,31.0
EXP-03-TELEMETRY-TRUST-DECAY,telemetryAwareDefense,0,processDeviation,200,31.0,0.0,31.0,31.0
EXP-03-TELEMETRY-TRUST-DECAY,telemetryAwareDefense,0,processDeviation,210,31.0,0.0,31.0,31.0
EXP-03-TELEMETRY-TRUST-DECAY,telemetryAwareDefense,0,processDeviation,220,34.0,0.0,34.0,34.0
EXP-03-TELEMETRY-TRUST-DECAY,telemetryAwareDefense,0,processDeviation,230,34.0,0.0,34.0,34.0
EXP-03-TELEMETRY-TRUST-DECAY,telemetryAwareDefense,0,processDeviation,240,34.0,0.0,34.0,34.0
EXP-03-TELEMETRY-TRUST-DECAY,telemetryAwareDefense,0,processDeviation,250,37.0,0.0,37.0,37.0
EXP-03-TELEMETRY-TRUST-DECAY,telemetryAwareDefense,0,processDeviation,260,37.0,0.0,37.0,37.0
EXP-03-TELEMETRY-TRUST-DECAY,telemetryAwareDefense,0,processDeviation,270,37.0,0.0,37.0,37.0
EXP-03-TELEMETRY-TRUST-DECAY,telemetryAwareDefense,0,processDeviation,280,40.0,0.0,40.0,40.0
EXP-03-TELEMETRY-TRUST-DECAY,telemetryAwareDefense,0,processDeviation,290,40.0,0.0,40.0,40.0
EXP-03-TELEMETRY-TRUST-DECAY,telemetryAwareDefense,0,processDeviation,300,40.0,0.0,40.0,40.0
EXP-03-TELEMETRY-TRUST-DECAY,telemetryAwareDefense,0,processDeviation,310,43.0,0.0,43.0,43.0
EXP-03-TELEMETRY-TRUST-DECAY,telemetryAwareDefense,0,processDeviation,320,43.0,0.0,43.0,43.0
EXP-03-TELEMETRY-TRUST-DECAY,telemetryAwareDefense,0,processDeviation,330,43.0,0.0,43.0,43.0
EXP-03-TELEMETRY-TRUST-DECAY,telemetryAwareDefense,0,processDeviation,340,46.0,0.0,46.0,46.0
EXP-03-TELEMETRY-TRUST-DECAY,telemetryAwareDefense,0,processDeviation,350,46.0,0.0,46.0,46.0
EXP-03-TELEMETRY-TRUST-DECAY,telemetryAwareDefense,0,processDeviation,360,46.0,0.0,46.0,46.0
EXP-03-TELEMETRY-TRUST-DECAY,telemetryAwareDefense,0,processDeviation,370,49.0,0.0,49.0,49.0
EXP-03-TELEMETRY-TRUST-DECAY,telemetryAwareDefense,0,processDeviation,380,49.0,0.0,49.0,49.0
EXP-03-TELEMETRY-TRUST-DECAY,telemetryAwareDefense,0,processDeviation,390,49.0,0.0,49.0,49.0
EXP-03-TELEMETRY-TRUST-DECAY,telemetryAwareDefense,0,processDeviation,400,52.0,0.0,52.0,52.0
EXP-03-TELEMETRY-TRUST-DECAY,telemetryAwareDefense,0,processDeviation,410,52.0,0.0,52.0,52.0
EXP-03-TELEMETRY-TRUST-DECAY,telemetryAwareDefense,0,processDeviation,420,52.0,0.0,52.0,52.0
EXP-03-TELEMETRY-TRUST-DECAY,telemetryAwareDefense,0,processDeviation,430,55.0,0.0,55.0,55.0
EXP-03-TELEMETRY-TRUST-DECAY,telemetryAwareDefense,0,processDeviation,440,55.0,0.0,55.0,55.0
EXP-03-TELEMETRY-TRUST-DECAY,telemetryAwareDefense,0,processDeviation,450,55.0,0.0,55.0,55.0
EXP-03-TELEMETRY-TRUST-DECAY,telemetryAwareDefense,0,processDeviation,460,58.0,0.0,58.0,58.0
EXP-03-TELEMETRY-TRUST-DECAY,telemetryAwareDefense,0,processDeviation,470,58.0,0.0,58.0,58.0
EXP-03-TELEMETRY-TRUST-DECAY,telemetryAwareDefense,0,processDeviation,480,58.0,0.0,58.0,58.0
EXP-03-TELEMETRY-TRUST-DECAY,telemetryAwareDefense,0,processDeviation,490,61.0,0.0,61.0,61.0
EXP-03-TELEMETRY-TRUST-DECAY,telemetryAwareDefense,0,processDeviation,500,61.0,0.0,61.0,61.0
EXP-03-TELEMETRY-TRUST-DECAY,telemetryAwareDefense,0,controlLatency,0,10,0,10.0,10.0
EXP-03-TELEMETRY-TRUST-DECAY,telemetryAwareDefense,0,controlLatency,10,13.0,0.0,13.0,13.0
EXP-03-TELEMETRY-TRUST-DECAY,telemetryAwareDefense,0,controlLatency,20,13.0,0.0,13.0,13.0
EXP-03-TELEMETRY-TRUST-DECAY,telemetryAwareDefense,0,controlLatency,30,13.0,0.0,13.0,13.0
EXP-03-TELEMETRY-TRUST-DECAY,telemetryAwareDefense,0,controlLatency,40,16.0,0.0,16.0,16.0
EXP-03-TELEMETRY-TRUST-DECAY,telemetryAwareDefense,0,controlLatency,50,16.0,0.0,16.0,16.0
EXP-03-TELEMETRY-TRUST-DECAY,telemetryAwareDefense,0,controlLatency,60,16.0,0.0,16.0,16.0
EXP-03-TELEMETRY-TRUST-DECAY,telemetryAwareDefense,0,controlLatency,70,19.0,0.0,19.0,19.0
EXP-03-TELEMETRY-TRUST-DECAY,telemetryAwareDefense,0,controlLatency,80,19.0,0.0,19.0,19.0
EXP-03-TELEMETRY-TRUST-DECAY,telemetryAwareDefense,0,controlLatency,90,19.0,0.0,19.0,19.0
EXP-03-TELEMETRY-TRUST-DECAY,telemetryAwareDefense,0,controlLatency,100,22.0,0.0,22.0,22.0
EXP-03-TELEMETRY-TRUST-DECAY,telemetryAwareDefense,0,controlLatency,110,22.0,0.0,22.0,22.0
EXP-03-TELEMETRY-TRUST-DECAY,telemetryAwareDefense,0,controlLatency,120,22.0,0.0,22.0,22.0
EXP-03-TELEMETRY-TRUST-DECAY,telemetryAwareDefense,0,controlLatency,130,25.0,0.0,25.0,25.0
EXP-03-TELEMETRY-TRUST-DECAY,telemetryAwareDefense,0,controlLatency,140,25.0,0.0,25.0,25.0
EXP-03-TELEMETRY-TRUST-DECAY,telemetryAwareDefense,0,controlLatency,150,25.0,0.0,25.0,25.0
EXP-03-TELEMETRY-TRUST-DECAY,telemetryAwareDefense,0,controlLatency,160,28.0,0.0,28.0,28.0
EXP-03-TELEMETRY-TRUST-DECAY,telemetryAwareDefense,0,controlLatency,170,28.0,0.0,28.0,28.0
EXP-03-TELEMETRY-TRUST-DECAY,telemetryAwareDefense,0,controlLatency,180,28.0,0.0,28.0,28.0
EXP-03-TELEMETRY-TRUST-DECAY,telemetryAwareDefense,0,controlLatency,190,31.0,0.0,31.0,31.0
EXP-03-TELEMETRY-TRUST-DECAY,telemetryAwareDefense,0,controlLatency,200,31.0,0.0,31.0,31.0
EXP-03-TELEMETRY-TRUST-DECAY,telemetryAwareDefense,0,controlLatency,210,31.0,0.0,31.0,31.0
EXP-03-TELEMETRY-TRUST-DECAY,telemetryAwareDefense,0,controlLatency,220,34.0,0.0,34.0,34.0
EXP-03-TELEMETRY-TRUST-DECAY,telemetryAwareDefense,0,controlLatency,230,34.0,0.0,34.0,34.0
EXP-03-TELEMETRY-TRUST-DECAY,telemetryAwareDefense,0,controlLatency,240,34.0,0.0,34.0,34.0
EXP-03-TELEMETRY-TRUST-DECAY,telemetryAwareDefense,0,controlLatency,250,37.0,0.0,37.0,37.0
EXP-03-TELEMETRY-TRUST-DECAY,telemetryAwareDefense,0,controlLatency,260,37.0,0.0,37.0,37.0
EXP-03-TELEMETRY-TRUST-DECAY,telemetryAwareDefense,0,controlLatency,270,37.0,0.0,37.0,37.0
EXP-03-TELEMETRY-TRUST-DECAY,telemetryAwareDefense,0,controlLatency,280,40.0,0.0,40.0,40.0
EXP-03-TELEMETRY-TRUST-DECAY,telemetryAwareDefense,0,controlLatency,290,40.0,0.0,40.0,40.0
EXP-03-TELEMETRY-TRUST-DECAY,telemetryAwareDefense,0,controlLatency,300,40.0,0.0,40.0,40.0
EXP-03-TELEMETRY-TRUST-DECAY,telemetryAwareDefense,0,controlLatency,310,43.0,0.0,43.0,43.0
EXP-03-TELEMETRY-TRUST-DECAY,telemetryAwareDefense,0,controlLatency,320,43.0,0.0,43.0,43.0
EXP-03-TELEMETRY-TRUST-DECAY,telemetryAwareDefense,0,controlLatency,330,43.0,0.0,43.0,43.0
EXP-03-TELEMETRY-TRUST-DECAY,telemetryAwareDefense,0,controlLatency,340,46.0,0.0,46.0,46.0
EXP-03-TELEMETRY-TRUST-DECAY,telemetryAwareDefense,0,controlLatency,350,46.0,0.0,46.0,46.0
EXP-03-TELEMETRY-TRUST-DECAY,telemetryAwareDefense,0,controlLatency,360,46.0,0.0,46.0,46.0
EXP-03-TELEMETRY-TRUST-DECAY,telemetryAwareDefense,0,controlLatency,370,49.0,0.0,49.0,49.0
EXP-03-TELEMETRY-TRUST-DECAY,telemetryAwareDefense,0,controlLatency,380,49.0,0.0,49.0,49.0
EXP-03-TELEMETRY-TRUST-DECAY,telemetryAwareDefense,0,controlLatency,390,49.0,0.0,49.0,49.0
EXP-03-TELEMETRY-TRUST-DECAY,telemetryAwareDefense,0,controlLatency,400,52.0,0.0,52.0,52.0
EXP-03-TELEMETRY-TRUST-DECAY,telemetryAwareDefense,0,controlLatency,410,52.0,0.0,52.0,52.0
EXP-03-TELEMETRY-TRUST-DECAY,telemetryAwareDefense,0,controlLatency,420,52.0,0.0,52.0,52.0
EXP-03-TELEMETRY-TRUST-DECAY,telemetryAwareDefense,0,controlLatency,430,55.0,0.0,55.0,55.0
EXP-03-TELEMETRY-TRUST-DECAY,telemetryAwareDefense,0,controlLatency,440,55.0,0.0,55.0,55.0
EXP-03-TELEMETRY-TRUST-DECAY,telemetryAwareDefense,0,controlLatency,450,55.0,0.0,55.0,55.0
EXP-03-TELEMETRY-TRUST-DECAY,telemetryAwareDefense,0,controlLatency,460,58.0,0.0,58.0,58.0
EXP-03-TELEMETRY-TRUST-DECAY,telemetryAwareDefense,0,controlLatency,470,58.0,0.0,58.0,58.0
EXP-03-TELEMETRY-TRUST-DECAY,telemetryAwareDefense,0,controlLatency,480,58.0,0.0,58.0,58.0
EXP-03-TELEMETRY-TRUST-DECAY,telemetryAwareDefense,0,controlLatency,490,61.0,0.0,61.0,61.0
EXP-03-TELEMETRY-TRUST-DECAY,telemetryAwareDefense,0,controlLatency,500,61.0,0.0,61.0,61.0
EXP-03-TELEMETRY-TRUST-DECAY,telemetryAwareDefense,1,delayedTelemetry,0,10,0,10.0,10.0
EXP-03-TELEMETRY-TRUST-DECAY,telemetryAwareDefense,1,delayedTelemetry,10,13.05,0.0,13.05,13.05
EXP-03-TELEMETRY-TRUST-DECAY,telemetryAwareDefense,1,delayedTelemetry,20,13.05,0.0,13.05,13.05
EXP-03-TELEMETRY-TRUST-DECAY,telemetryAwareDefense,1,delayedTelemetry,30,13.05,0.0,13.05,13.05
EXP-03-TELEMETRY-TRUST-DECAY,telemetryAwareDefense,1,delayedTelemetry,40,16.1,0.0,16.1,16.1
EXP-03-TELEMETRY-TRUST-DECAY,telemetryAwareDefense,1,delayedTelemetry,50,16.1,0.0,16.1,16.1
EXP-03-TELEMETRY-TRUST-DECAY,telemetryAwareDefense,1,delayedTelemetry,60,16.1,0.0,16.1,16.1
EXP-03-TELEMETRY-TRUST-DECAY,telemetryAwareDefense,1,delayedTelemetry,70,19.15,0.0,19.15,19.15
EXP-03-TELEMETRY-TRUST-DECAY,telemetryAwareDefense,1,delayedTelemetry,80,19.15,0.0,19.15,19.15
EXP-03-TELEMETRY-TRUST-DECAY,telemetryAwareDefense,1,delayedTelemetry,90,19.15,0.0,19.15,19.15
EXP-03-TELEMETRY-TRUST-DECAY,telemetryAwareDefense,1,delayedTelemetry,100,22.2,0.0,22.2,22.2
EXP-03-TELEMETRY-TRUST-DECAY,telemetryAwareDefense,1,delayedTelemetry,110,22.2,0.0,22.2,22.2
EXP-03-TELEMETRY-TRUST-DECAY,telemetryAwareDefense,1,delayedTelemetry,120,22.2,0.0,22.2,22.2
EXP-03-TELEMETRY-TRUST-DECAY,telemetryAwareDefense,1,delayedTelemetry,130,25.25,0.0,25.25,25.25
EXP-03-TELEMETRY-TRUST-DECAY,telemetryAwareDefense,1,delayedTelemetry,140,25.25,0.0,25.25,25.25
EXP-03-TELEMETRY-TRUST-DECAY,telemetryAwareDefense,1,delayedTelemetry,150,25.25,0.0,25.25,25.25
EXP-03-TELEMETRY-TRUST-DECAY,telemetryAwareDefense,1,delayedTelemetry,160,28.3,0.0,28.3,28.3
EXP-03-TELEMETRY-TRUST-DECAY,telemetryAwareDefense,1,delayedTelemetry,170,28.3,0.0,28.3,28.3
EXP-03-TELEMETRY-TRUST-DECAY,telemetryAwareDefense,1,delayedTelemetry,180,28.3,0.0,28.3,28.3
EXP-03-TELEMETRY-TRUST-DECAY,telemetryAwareDefense,1,delayedTelemetry,190,31.35,0.0,31.35,31.35
EXP-03-TELEMETRY-TRUST-DECAY,telemetryAwareDefense,1,delayedTelemetry,200,31.35,0.0,31.35,31.35
EXP-03-TELEMETRY-TRUST-DECAY,telemetryAwareDefense,1,delayedTelemetry,210,31.35,0.0,31.35,31.35
EXP-03-TELEMETRY-TRUST-DECAY,telemetryAwareDefense,1,delayedTelemetry,220,34.4,0.0,34.4,34.4
EXP-03-TELEMETRY-TRUST-DECAY,telemetryAwareDefense,1,delayedTelemetry,230,34.4,0.0,34.4,34.4
EXP-03-TELEMETRY-TRUST-DECAY,telemetryAwareDefense,1,delayedTelemetry,240,34.4,0.0,34.4,34.4
EXP-03-TELEMETRY-TRUST-DECAY,telemetryAwareDefense,1,delayedTelemetry,250,37.45,0.0,37.45,37.45
EXP-03-TELEMETRY-TRUST-DECAY,telemetryAwareDefense,1,delayedTelemetry,260,37.45,0.0,37.45,37.45
EXP-03-TELEMETRY-TRUST-DECAY,telemetryAwareDefense,1,delayedTelemetry,270,37.45,0.0,37.45,37.45
EXP-03-TELEMETRY-TRUST-DECAY,telemetryAwareDefense,1,delayedTelemetry,280,40.5,0.0,40.5,40.5
EXP-03-TELEMETRY-TRUST-DECAY,telemetryAwareDefense,1,delayedTelemetry,290,40.5,0.0,40.5,40.5
EXP-03-TELEMETRY-TRUST-DECAY,telemetryAwareDefense,1,delayedTelemetry,300,40.5,0.0,40.5,40.5
EXP-03-TELEMETRY-TRUST-DECAY,telemetryAwareDefense,1,delayedTelemetry,310,43.55,0.0,43.55,43.55
EXP-03-TELEMETRY-TRUST-DECAY,telemetryAwareDefense,1,delayedTelemetry,320,43.55,0.0,43.55,43.55
EXP-03-TELEMETRY-TRUST-DECAY,telemetryAwareDefense,1,delayedTelemetry,330,43.55,0.0,43.55,43.55
EXP-03-TELEMETRY-TRUST-DECAY,telemetryAwareDefense,1,delayedTelemetry,340,46.6,0.0,46.6,46.6
EXP-03-TELEMETRY-TRUST-DECAY,telemetryAwareDefense,1,delayedTelemetry,350,46.6,0.0,46.6,46.6
EXP-03-TELEMETRY-TRUST-DECAY,telemetryAwareDefense,1,delayedTelemetry,360,46.6,0.0,46.6,46.6
EXP-03-TELEMETRY-TRUST-DECAY,telemetryAwareDefense,1,delayedTelemetry,370,49.65,0.0,49.65,49.65
EXP-03-TELEMETRY-TRUST-DECAY,telemetryAwareDefense,1,delayedTelemetry,380,49.65,0.0,49.65,49.65
EXP-03-TELEMETRY-TRUST-DECAY,telemetryAwareDefense,1,delayedTelemetry,390,49.65,0.0,49.65,49.65
EXP-03-TELEMETRY-TRUST-DECAY,telemetryAwareDefense,1,delayedTelemetry,400,52.7,0.0,52.7,52.7
EXP-03-TELEMETRY-TRUST-DECAY,telemetryAwareDefense,1,delayedTelemetry,410,52.7,0.0,52.7,52.7
EXP-03-TELEMETRY-TRUST-DECAY,telemetryAwareDefense,1,delayedTelemetry,420,52.7,0.0,52.7,52.7
EXP-03-TELEMETRY-TRUST-DECAY,telemetryAwareDefense,1,delayedTelemetry,430,55.75,0.0,55.75,55.75
EXP-03-TELEMETRY-TRUST-DECAY,telemetryAwareDefense,1,delayedTelemetry,440,55.75,0.0,55.75,55.75
EXP-03-TELEMETRY-TRUST-DECAY,telemetryAwareDefense,1,delayedTelemetry,450,55.75,0.0,55.75,55.75
EXP-03-TELEMETRY-TRUST-DECAY,telemetryAwareDefense,1,delayedTelemetry,460,58.8,0.0,58.8,58.8
EXP-03-TELEMETRY-TRUST-DECAY,telemetryAwareDefense,1,delayedTelemetry,470,58.8,0.0,58.8,58.8
EXP-03-TELEMETRY-TRUST-DECAY,telemetryAwareDefense,1,delayedTelemetry,480,58.8,0.0,58.8,58.8
EXP-03-TELEMETRY-TRUST-DECAY,telemetryAwareDefense,1,delayedTelemetry,490,61.85,0.0,61.85,61.85
EXP-03-TELEMETRY-TRUST-DECAY,telemetryAwareDefense,1,delayedTelemetry,500,61.85,0.0,61.85,61.85
EXP-03-TELEMETRY-TRUST-DECAY,telemetryAwareDefense,1,processDeviation,0,10,0,10.0,10.0
EXP-03-TELEMETRY-TRUST-DECAY,telemetryAwareDefense,1,processDeviation,10,13.05,0.0,13.05,13.05
EXP-03-TELEMETRY-TRUST-DECAY,telemetryAwareDefense,1,processDeviation,20,13.05,0.0,13.05,13.05
EXP-03-TELEMETRY-TRUST-DECAY,telemetryAwareDefense,1,processDeviation,30,13.05,0.0,13.05,13.05
EXP-03-TELEMETRY-TRUST-DECAY,telemetryAwareDefense,1,processDeviation,40,16.1,0.0,16.1,16.1
EXP-03-TELEMETRY-TRUST-DECAY,telemetryAwareDefense,1,processDeviation,50,16.1,0.0,16.1,16.1
EXP-03-TELEMETRY-TRUST-DECAY,telemetryAwareDefense,1,processDeviation,60,16.1,0.0,16.1,16.1
EXP-03-TELEMETRY-TRUST-DECAY,telemetryAwareDefense,1,processDeviation,70,19.15,0.0,19.15,19.15
EXP-03-TELEMETRY-TRUST-DECAY,telemetryAwareDefense,1,processDeviation,80,19.15,0.0,19.15,19.15
EXP-03-TELEMETRY-TRUST-DECAY,telemetryAwareDefense,1,processDeviation,90,19.15,0.0,19.15,19.15
EXP-03-TELEMETRY-TRUST-DECAY,telemetryAwareDefense,1,processDeviation,100,22.2,0.0,22.2,22.2
EXP-03-TELEMETRY-TRUST-DECAY,telemetryAwareDefense,1,processDeviation,110,22.2,0.0,22.2,22.2
EXP-03-TELEMETRY-TRUST-DECAY,telemetryAwareDefense,1,processDeviation,120,22.2,0.0,22.2,22.2
EXP-03-TELEMETRY-TRUST-DECAY,telemetryAwareDefense,1,processDeviation,130,25.25,0.0,25.25,25.25
EXP-03-TELEMETRY-TRUST-DECAY,telemetryAwareDefense,1,processDeviation,140,25.25,0.0,25.25,25.25
EXP-03-TELEMETRY-TRUST-DECAY,telemetryAwareDefense,1,processDeviation,150,25.25,0.0,25.25,25.25
EXP-03-TELEMETRY-TRUST-DECAY,telemetryAwareDefense,1,processDeviation,160,28.3,0.0,28.3,28.3
EXP-03-TELEMETRY-TRUST-DECAY,telemetryAwareDefense,1,processDeviation,170,28.3,0.0,28.3,28.3
EXP-03-TELEMETRY-TRUST-DECAY,telemetryAwareDefense,1,processDeviation,180,28.3,0.0,28.3,28.3
EXP-03-TELEMETRY-TRUST-DECAY,telemetryAwareDefense,1,processDeviation,190,31.35,0.0,31.35,31.35
EXP-03-TELEMETRY-TRUST-DECAY,telemetryAwareDefense,1,processDeviation,200,31.35,0.0,31.35,31.35
EXP-03-TELEMETRY-TRUST-DECAY,telemetryAwareDefense,1,processDeviation,210,31.35,0.0,31.35,31.35
EXP-03-TELEMETRY-TRUST-DECAY,telemetryAwareDefense,1,processDeviation,220,34.4,0.0,34.4,34.4
EXP-03-TELEMETRY-TRUST-DECAY,telemetryAwareDefense,1,processDeviation,230,34.4,0.0,34.4,34.4
EXP-03-TELEMETRY-TRUST-DECAY,telemetryAwareDefense,1,processDeviation,240,34.4,0.0,34.4,34.4
EXP-03-TELEMETRY-TRUST-DECAY,telemetryAwareDefense,1,processDeviation,250,37.45,0.0,37.45,37.45
EXP-03-TELEMETRY-TRUST-DECAY,telemetryAwareDefense,1,processDeviation,260,37.45,0.0,37.45,37.45
EXP-03-TELEMETRY-TRUST-DECAY,telemetryAwareDefense,1,processDeviation,270,37.45,0.0,37.45,37.45
EXP-03-TELEMETRY-TRUST-DECAY,telemetryAwareDefense,1,processDeviation,280,40.5,0.0,40.5,40.5
EXP-03-TELEMETRY-TRUST-DECAY,telemetryAwareDefense,1,processDeviation,290,40.5,0.0,40.5,40.5
EXP-03-TELEMETRY-TRUST-DECAY,telemetryAwareDefense,1,processDeviation,300,40.5,0.0,40.5,40.5
EXP-03-TELEMETRY-TRUST-DECAY,telemetryAwareDefense,1,processDeviation,310,43.55,0.0,43.55,43.55
EXP-03-TELEMETRY-TRUST-DECAY,telemetryAwareDefense,1,processDeviation,320,43.55,0.0,43.55,43.55
EXP-03-TELEMETRY-TRUST-DECAY,telemetryAwareDefense,1,processDeviation,330,43.55,0.0,43.55,43.55
EXP-03-TELEMETRY-TRUST-DECAY,telemetryAwareDefense,1,processDeviation,340,46.6,0.0,46.6,46.6
EXP-03-TELEMETRY-TRUST-DECAY,telemetryAwareDefense,1,processDeviation,350,46.6,0.0,46.6,46.6
EXP-03-TELEMETRY-TRUST-DECAY,telemetryAwareDefense,1,processDeviation,360,46.6,0.0,46.6,46.6
EXP-03-TELEMETRY-TRUST-DECAY,telemetryAwareDefense,1,processDeviation,370,49.65,0.0,49.65,49.65
EXP-03-TELEMETRY-TRUST-DECAY,telemetryAwareDefense,1,processDeviation,380,49.65,0.0,49.65,49.65
EXP-03-TELEMETRY-TRUST-DECAY,telemetryAwareDefense,1,processDeviation,390,49.65,0.0,49.65,49.65
EXP-03-TELEMETRY-TRUST-DECAY,telemetryAwareDefense,1,processDeviation,400,52.7,0.0,52.7,52.7
EXP-03-TELEMETRY-TRUST-DECAY,telemetryAwareDefense,1,processDeviation,410,52.7,0.0,52.7,52.7
EXP-03-TELEMETRY-TRUST-DECAY,telemetryAwareDefense,1,processDeviation,420,52.7,0.0,52.7,52.7
EXP-03-TELEMETRY-TRUST-DECAY,telemetryAwareDefense,1,processDeviation,430,55.75,0.0,55.75,55.75
EXP-03-TELEMETRY-TRUST-DECAY,telemetryAwareDefense,1,processDeviation,440,55.75,0.0,55.75,55.75
EXP-03-TELEMETRY-TRUST-DECAY,telemetryAwareDefense,1,processDeviation,450,55.75,0.0,55.75,55.75
EXP-03-TELEMETRY-TRUST-DECAY,telemetryAwareDefense,1,processDeviation,460,58.8,0.0,58.8,58.8
EXP-03-TELEMETRY-TRUST-DECAY,telemetryAwareDefense,1,processDeviation,470,58.8,0.0,58.8,58.8
EXP-03-TELEMETRY-TRUST-DECAY,telemetryAwareDefense,1,processDeviation,480,58.8,0.0,58.8,58.8
EXP-03-TELEMETRY-TRUST-DECAY,telemetryAwareDefense,1,processDeviation,490,61.85,0.0,61.85,61.85
EXP-03-TELEMETRY-TRUST-DECAY,telemetryAwareDefense,1,processDeviation,500,61.85,0.0,61.85,61.85
EXP-03-TELEMETRY-TRUST-DECAY,telemetryAwareDefense,1,controlLatency,0,10,0,10.0,10.0
EXP-03-TELEMETRY-TRUST-DECAY,telemetryAwareDefense,1,controlLatency,10,13.05,0.0,13.05,13.05
EXP-03-TELEMETRY-TRUST-DECAY,telemetryAwareDefense,1,controlLatency,20,13.05,0.0,13.05,13.05
EXP-03-TELEMETRY-TRUST-DECAY,telemetryAwareDefense,1,controlLatency,30,13.05,0.0,13.05,13.05
EXP-03-TELEMETRY-TRUST-DECAY,telemetryAwareDefense,1,controlLatency,40,16.1,0.0,16.1,16.1
EXP-03-TELEMETRY-TRUST-DECAY,telemetryAwareDefense,1,controlLatency,50,16.1,0.0,16.1,16.1
EXP-03-TELEMETRY-TRUST-DECAY,telemetryAwareDefense,1,controlLatency,60,16.1,0.0,16.1,16.1
EXP-03-TELEMETRY-TRUST-DECAY,telemetryAwareDefense,1,controlLatency,70,19.15,0.0,19.15,19.15
EXP-03-TELEMETRY-TRUST-DECAY,telemetryAwareDefense,1,controlLatency,80,19.15,0.0,19.15,19.15
EXP-03-TELEMETRY-TRUST-DECAY,telemetryAwareDefense,1,controlLatency,90,19.15,0.0,19.15,19.15
EXP-03-TELEMETRY-TRUST-DECAY,telemetryAwareDefense,1,controlLatency,100,22.2,0.0,22.2,22.2
EXP-03-TELEMETRY-TRUST-DECAY,telemetryAwareDefense,1,controlLatency,110,22.2,0.0,22.2,22.2
EXP-03-TELEMETRY-TRUST-DECAY,telemetryAwareDefense,1,controlLatency,120,22.2,0.0,22.2,22.2
EXP-03-TELEMETRY-TRUST-DECAY,telemetryAwareDefense,1,controlLatency,130,25.25,0.0,25.25,25.25
EXP-03-TELEMETRY-TRUST-DECAY,telemetryAwareDefense,1,controlLatency,140,25.25,0.0,25.25,25.25
EXP-03-TELEMETRY-TRUST-DECAY,telemetryAwareDefense,1,controlLatency,150,25.25,0.0,25.25,25.25
EXP-03-TELEMETRY-TRUST-DECAY,telemetryAwareDefense,1,controlLatency,160,28.3,0.0,28.3,28.3
EXP-03-TELEMETRY-TRUST-DECAY,telemetryAwareDefense,1,controlLatency,170,28.3,0.0,28.3,28.3
EXP-03-TELEMETRY-TRUST-DECAY,telemetryAwareDefense,1,controlLatency,180,28.3,0.0,28.3,28.3
EXP-03-TELEMETRY-TRUST-DECAY,telemetryAwareDefense,1,controlLatency,190,31.35,0.0,31.35,31.35
EXP-03-TELEMETRY-TRUST-DECAY,telemetryAwareDefense,1,controlLatency,200,31.35,0.0,31.35,31.35
EXP-03-TELEMETRY-TRUST-DECAY,telemetryAwareDefense,1,controlLatency,210,31.35,0.0,31.35,31.35
EXP-03-TELEMETRY-TRUST-DECAY,telemetryAwareDefense,1,controlLatency,220,34.4,0.0,34.4,34.4
EXP-03-TELEMETRY-TRUST-DECAY,telemetryAwareDefense,1,controlLatency,230,34.4,0.0,34.4,34.4
EXP-03-TELEMETRY-TRUST-DECAY,telemetryAwareDefense,1,controlLatency,240,34.4,0.0,34.4,34.4
EXP-03-TELEMETRY-TRUST-DECAY,telemetryAwareDefense,1,controlLatency,250,37.45,0.0,37.45,37.45
EXP-03-TELEMETRY-TRUST-DECAY,telemetryAwareDefense,1,controlLatency,260,37.45,0.0,37.45,37.45
EXP-03-TELEMETRY-TRUST-DECAY,telemetryAwareDefense,1,controlLatency,270,37.45,0.0,37.45,37.45
EXP-03-TELEMETRY-TRUST-DECAY,telemetryAwareDefense,1,controlLatency,280,40.5,0.0,40.5,40.5
EXP-03-TELEMETRY-TRUST-DECAY,telemetryAwareDefense,1,controlLatency,290,40.5,0.0,40.5,40.5
EXP-03-TELEMETRY-TRUST-DECAY,telemetryAwareDefense,1,controlLatency,300,40.5,0.0,40.5,40.5
EXP-03-TELEMETRY-TRUST-DECAY,telemetryAwareDefense,1,controlLatency,310,43.55,0.0,43.55,43.55
EXP-03-TELEMETRY-TRUST-DECAY,telemetryAwareDefense,1,controlLatency,320,43.55,0.0,43.55,43.55
EXP-03-TELEMETRY-TRUST-DECAY,telemetryAwareDefense,1,controlLatency,330,43.55,0.0,43.55,43.55
EXP-03-TELEMETRY-TRUST-DECAY,telemetryAwareDefense,1,controlLatency,340,46.6,0.0,46.6,46.6
EXP-03-TELEMETRY-TRUST-DECAY,telemetryAwareDefense,1,controlLatency,350,46.6,0.0,46.6,46.6
EXP-03-TELEMETRY-TRUST-DECAY,telemetryAwareDefense,1,controlLatency,360,46.6,0.0,46.6,46.6
EXP-03-TELEMETRY-TRUST-DECAY,telemetryAwareDefense,1,controlLatency,370,49.65,0.0,49.65,49.65
EXP-03-TELEMETRY-TRUST-DECAY,telemetryAwareDefense,1,controlLatency,380,49.65,0.0,49.65,49.65
EXP-03-TELEMETRY-TRUST-DECAY,telemetryAwareDefense,1,controlLatency,390,49.65,0.0,49.65,49.65
EXP-03-TELEMETRY-TRUST-DECAY,telemetryAwareDefense,1,controlLatency,400,52.7,0.0,52.7,52.7
EXP-03-TELEMETRY-TRUST-DECAY,telemetryAwareDefense,1,controlLatency,410,52.7,0.0,52.7,52.7
EXP-03-TELEMETRY-TRUST-DECAY,telemetryAwareDefense,1,controlLatency,420,52.7,0.0,52.7,52.7
EXP-03-TELEMETRY-TRUST-DECAY,telemetryAwareDefense,1,controlLatency,430,55.75,0.0,55.75,55.75
EXP-03-TELEMETRY-TRUST-DECAY,telemetryAwareDefense,1,controlLatency,440,55.75,0.0,55.75,55.75
EXP-03-TELEMETRY-TRUST-DECAY,telemetryAwareDefense,1,controlLatency,450,55.75,0.0,55.75,55.75
EXP-03-TELEMETRY-TRUST-DECAY,telemetryAwareDefense,1,controlLatency,460,58.8,0.0,58.8,58.8
EXP-03-TELEMETRY-TRUST-DECAY,telemetryAwareDefense,1,controlLatency,470,58.8,0.0,58.8,58.8
EXP-03-TELEMETRY-TRUST-DECAY,telemetryAwareDefense,1,controlLatency,480,58.8,0.0,58.8,58.8
EXP-03-TELEMETRY-TRUST-DECAY,telemetryAwareDefense,1,controlLatency,490,61.85,0.0,61.85,61.85
EXP-03-TELEMETRY-TRUST-DECAY,telemetryAwareDefense,1,controlLatency,500,61.85,0.0,61.85,61.85
